official,country
Aret BORONAT,Andorra
Melisandra FUENTES,Andorra
Mònica LÓPEZ,Andorra
Irina ABSALIAMOVA,Armenia
Marina BARSEGHYAN,Armenia
Emil DANIELYAN,Armenia
Gayane KHACHATRYAN,Armenia
Asmik VARDANYAN,Armenia
Vladislav VLADIMIROV,Armenia
Aram VLASYAN,Armenia
Sean ABRAM,Australia
Anne ALDER,Australia
Elizabeth ALEXANDRE,Australia
Rebecca ANDREW,Australia
Kathy ANTHONY,Australia
Leigh ARMSTRONG,Australia
Chris ARONEY,Australia
Emelia ASH,Australia
Carole ASHWORTH,Australia
Jane ASHWORTH,Australia
Pavel AUBRECHT,Australia
Rhiann BALAAM,Australia
Ruzena BARANIKOVA,Australia
Leah BATES,Australia
Bob BATTERSBY,Australia
Helen BEALE,Australia
Alan BLINN,Australia
Janet BORN,Australia
Evgueni BOROUNOV,Australia
Maria BOROUNOV,Australia
Miranda BOURNE,Australia
Nadine BRAZIL,Australia
Jaye BRENNAN,Australia
Robyn BURLEY,Australia
Tricia BURNS,Australia
Elizabeth CAIN,Australia
Peter CAIN,Australia
Melanie CARRINGTON,Australia
Rachel CAUGHLY,Australia
Sharon CHARLTON,Australia
Angelique CLYDE-SMITH,Australia
Susan COBDEN,Australia
Elizabeth COHEN,Australia
Janine COLLIVER,Australia
Jackie CORNWELL,Australia
Brooke CRAWFORD,Australia
Jacqueline CUPPLES,Australia
Nicole DENHOLM,Australia
Elaine DEWEY,Australia
Megan DOBBIE,Australia
Andrew DODDS,Australia
Gail DODDS,Australia
Gretchen DOOLAN,Australia
Karen DUKES,Australia
Alison EAGER,Australia
Anja FAUSTEIN,Australia
Heidi FEARNSIDE,Australia
Kylie FENNELL,Australia
Katherine FIRKIN,Australia
Alexandra FLACK,Australia
Alexandra FORD,Australia
Allie FORD,Australia
Geraldine FRATER,Australia
Heidi FREEMAN,Australia
Jan GARDNER,Australia
Janet GARDNER,Australia
Sharon GAYLARD,Australia
Jackie GOLD,Australia
Jonathan GUERREIRO,Australia
Svetlana GUERREIRO,Australia
Katrina HARBURN,Australia
Kayla HARBURN,Australia
Karen HARRIS,Australia
Rebecca HARRISON,Australia
Sharon HEDLEY,Australia
Elizabeth HENNINGSEN,Australia
Lauren HODGE,Australia
Donna HUANG,Australia
Paul HUEHNERGARD,Australia
Lisa JELINEK,Australia
Alisha JOHNSON,Australia
Anthony JONIKIS,Australia
Arvidas JONIKIS,Australia
Ilze JONIKIS,Australia
Jackie KADAR,Australia
Miranda KOFOED,Australia
Wendy LANGTON,Australia
Cherry LAU,Australia
Megan LAWS,Australia
Rhiannon LUO,Australia
Peter LYNCH,Australia
Susan LYNCH,Australia
Monica MACDONALD,Australia
Gisela MAUTNER,Australia
Susanne MAUTNER,Australia
Cameron MEDHURST,Australia
Hayley MEERTEN,Australia
Sharon MELLEMA,Australia
Bernadette MERCURIO,Australia
Joanna MILLER,Australia
Meg MONTELEONE,Australia
Simone MOORE,Australia
Patricia MORITZ,Australia
Jennifer NEWTON,Australia
Robyn S. NOTT,Australia
Deborah NOYES,Australia
Tara O'CONNOR,Australia
Merryn O'KEEFE,Australia
Craig OAKLEY,Australia
Julie-Anne OATEN,Australia
Clarence ONG,Australia
Michael PASFIELD,Australia
Kylara PAULO,Australia
Derek PERKINS,Australia
Katherine Evelyn DU PREEZ,Australia
Samantha QUIMBY,Australia
Rachel RAMSAY,Australia
Peter RANKIN,Australia
Carmen REYNOLDS,Australia
Sarah RILEY,Australia
Alison RYAN,Australia
Elizabeth RYAN,Australia
Kristian RYAN,Australia
Jaye SAMSON,Australia
Duncan SAVAGE,Australia
Deanne SCERRI,Australia
Brendan SCHLOSS,Australia
Ann SHORT,Australia
Melina SIMJANOVIC,Australia
Nicole SIMJANOVIC,Australia
Mark STORTON,Australia
Sharon SULLIVAN,Australia
Richard SWENNING,Australia
Nicole SYMONS,Australia
Robyn SYMONS,Australia
Catherine L. TAYLOR,Australia
Natalie Jane TAYLOR,Australia
Karen THOMPSON,Australia
Rebecca WELLS,Australia
Kim WILSON,Australia
Kylie Anne YACOPETTI,Australia
Nicole YEN,Australia
Deborah ZADOW,Australia
Yolander ZOLLINGER,Australia
Yvonne ALLINGER,Austria
Elisabeth ANGERER,Austria
Thomas BIEGLER,Austria
Elisabeth BINDER,Austria
Elizabeth BINDER,Austria
Karin EHRHARDT,Austria
Werner EHRHARDT,Austria
Angelika ELLINGER,Austria
Kerstin FRANK,Austria
Monika FÜHRING,Austria
Georg GANNER,Austria
Stefan GRAMPELHUBER,Austria
Christa GUNSAM,Austria
Sonja HARAND,Austria
Christl HEIDLER,Austria
Claudia HOUDEK,Austria
Sophia HOUDEK,Austria
Mario Rafael IONIAN,Austria
Marion JÄGER,Austria
Bernhard JUST,Austria
Victoria KAFOL,Austria
Sophia KARBON,Austria
Gabriele KÄTZLER,Austria
Dagmar KOTNAUER,Austria
Sabrina KREUZER,Austria
Ursula LACHMANN,Austria
Pavel LAURENCIK,Austria
Walter LESCHETIZKY,Austria
Heide MARITCZAK,Austria
Eva MARTINEK,Austria
Christiane MÖRTH,Austria
Annika MÜLLER,Austria
Yvonne PAL,Austria
Yvone PAL-POKORNIY,Austria
Alexandra PHILLIPPOVA,Austria
Christine POLT,Austria
Katja PRZYSTAL,Austria
Katharina RAUCH,Austria
Lisa-Franziska RAUCH,Austria
Evelyn ROSSOUKHI-SCHNEIDER,Austria
Adrienn SCHADENBAUER-SZILAGY,Austria
Lisa-Maria SCHATZMANN,Austria
Katja SCHAUER,Austria
Edith SCHILLER,Austria
Helmut SIEBER,Austria
Eva SONNLEITNER,Austria
Ursula STAHL,Austria
Tobias STEINDL,Austria
Aseniya STRATIEVA,Austria
Judith STRAUSS,Austria
Gabriele STREIL,Austria
Karin TRAUNMÜLLER,Austria
Elisabeth WEISER,Austria
Nina WOLFSLAST,Austria
Evgenia BOGDANOVA,Azerbaijan
Kristen FRASER-LUKANIN,Azerbaijan
Irina KIREEVA,Azerbaijan
Yury KLIUSHNIKOV,Azerbaijan
Yuri KLYUSHNYKOV,Azerbaijan
Irina NECHKINA,Azerbaijan
Igor PASHKEVICH,Azerbaijan
Anne BAETEN,Belgium
Clara BAIWIR,Belgium
Heloïse BALLEUX,Belgium
Patricia BECKX,Belgium
Laurence BEERNAERT,Belgium
Javier Barral CEPEDA,Belgium
Stephanie CHRISTIAENS,Belgium
Maya COENEN,Belgium
Emma COLASSIN,Belgium
Brenda CORLUY,Belgium
Ludo DAEMEN,Belgium
Marcel GEERS,Belgium
Anthony GREVISSE,Belgium
Maxime HANSSENS,Belgium
Tine De HERDT,Belgium
Anny HOU,Belgium
Patrick IBENS,Belgium
Mathilde MARCHAND,Belgium
Ann MÜSING,Belgium
Annick NOTTERDAM,Belgium
Tom NOYNAERT,Belgium
Kevin van der PERREN,Belgium
Isabelle PIEMAN,Belgium
Annemie de PRETER,Belgium
Francoise DE RAPPARD,Belgium
Annelies RASKER,Belgium
Loni RISKIN,Belgium
Jeroen SCHROYEN,Belgium
Nancy TERLEP,Belgium
Vera VANDECAVEYE,Belgium
Leen VERMEIREN,Belgium
Ina VERRELST,Belgium
Lieve WESTERLINCK,Belgium
Amber De WILDE,Belgium
Rita ZONNEKEYN,Belgium
Amel BUREKOVIC,Bosnia og Herzegovina
Naida KISO,Bosnia og Herzegovina
Tamara LUKIC,Bosnia og Herzegovina
Ubavka NOVAKOVIC-KUTINOU,Bosnia og Herzegovina
Nedim STRBO,Bosnia og Herzegovina
Arijana TIRAK,Bosnia og Herzegovina
Belma TRAJKOV,Bosnia og Herzegovina
Galina ALEKSANDROVA,Belarus
Alina BAJKOVSKAYA,Belarus
Ksenia BAKUSHEVA,Belarus
Mariya BAKUSHEVA,Belarus
Snezhana BARMOTINA,Belarus
Yurii BIELAIEV,Belarus
Vadim DAVIDOVICH,Belarus
Diana DRAGUN,Belarus
Nadezhda FIODOROVA,Belarus
Rufina GONCHARUK,Belarus
Alexandre GOROJDANOV,Belarus
Yurij GULITSKIJ,Belarus
Elizaveta HLYPOVKA,Belarus
Ekaterina HOMCHENKO,Belarus
Irina ILINA,Belarus
Natalya IVANOVA,Belarus
Nikolaj KAMENCHUK,Belarus
Lolita KATSORA,Belarus
Kristina KAUNATSKAYA,Belarus
Vladimir KISLYAKOV,Belarus
Emiliya KOLEGANOVA,Belarus
Georgi KOMAROVSKI,Belarus
Julia KOMLEVA,Belarus
Mikhail KOROLIUK,Belarus
Helena KOSTKO,Belarus
Viktoriya KOVALEVA,Belarus
Viktoria KOVALYOVA,Belarus
Diana KUNTSEVICH,Belarus
Elena LAPKES,Belarus
Viktoriya LIAKHAVA,Belarus
Viktoria LUKYANOVA,Belarus
Anna MERZLIKINA,Belarus
Arina MIASNIKOVA,Belarus
Aleksandr MOROZOV,Belarus
Katsiaryna PAHARTSAVA,Belarus
Alina PARKHOMENKA,Belarus
Irina PEREHREST,Belarus
Ekaterina POGARTSEVA,Belarus
Anastasiya RAMANCHUK,Belarus
Vika SACHKOVA,Belarus
Dzianis SAROKIN,Belarus
Elena SAVOSTOVA,Belarus
Ekaterina SEROVA,Belarus
Evgeniya SHAVEL,Belarus
Zanna SHEMET,Belarus
Diana SHESTAK,Belarus
Alexei SHIRSHOV,Belarus
Irina SHIRSHOVA,Belarus
Violeta SHOSTAK,Belarus
Aleksandra SHUMIDUB,Belarus
Iuliia SOLOVEVA,Belarus
Marina STUPEN,Belarus
Illya SUNTSEV,Belarus
Alina SUPONENKO,Belarus
Helena TABACHNIKOVA,Belarus
Evgenij TARASOV,Belarus
Anastasiia TISHKINA,Belarus
Irina TOKAREVSKAYA,Belarus
Aleksandr TOLSTIK,Belarus
Alisa TURCHINA,Belarus
Olga UVAZHANAYA,Belarus
Galina VALEEVA,Belarus
Halina VALYEVA,Belarus
Il'ya YUHIMUK,Belarus
Vladimir ZAJTSEV,Belarus
Kristina ZAKHARENKO,Belarus
Albena ALADJOVA,Bulgaria
Mariya ATSEVA,Bulgaria
Raia BISSEROVA-BAKALOVA,Bulgaria
Thea BOEVA,Bulgaria
Georgi DIMKOV,Bulgaria
Nadejda HODJEVA,Bulgaria
Nadezhda HODZHEVA,Bulgaria
Nikolai IANEV,Bulgaria
Iveta MITSOVA,Bulgaria
Alexander PENCHEV,Bulgaria
Vessela POPOVA,Bulgaria
Hristo TURLAKOV,Bulgaria
Yana VANKOVA,Bulgaria
Gavril VELCHEV,Bulgaria
Tatiana YORDANOVA,Bulgaria
Zoia YORDANOVA,Bulgaria
Jodi ABBOTT,Canada
Cynthia ALEPIN,Canada
Andre-Marc ALLAIN,Canada
Ted BARTON,Canada
Cynthia BENSON,Canada
Susan BLATZ,Canada
Andrew BOSCO,Canada
Christine BOURDEAU,Canada
Andre BOURGEOIS,Canada
Marie BOWNESS,Canada
Karen BUTCHER,Canada
Leanna CARON,Canada
Laura CARR,Canada
Pamela CHISLETT,Canada
Elizabeth CLARK,Canada
Laurene COLLIN-KNOBLAUCH,Canada
Ron CONACHER,Canada
Sarah COOMBS,Canada
Beth CRANE,Canada
Kelly CRUICKSHANK,Canada
Andrea DERBY,Canada
Lynne DEY,Canada
Reaghan FAWCETT,Canada
Glenn FORTIN,Canada
Reaghan FORTIN,Canada
Veronique GOSSELIN,Canada
John GREENWOOD,Canada
Sylvain GUIBORD,Canada
Susan HEFFERNAN,Canada
Mary Claire HEINTZMAN,Canada
Karen HOWARD,Canada
Janice HUNTER,Canada
Deborah ISLAM,Canada
Limin JAO,Canada
Leslie KEEN,Canada
Shirra KENWORTHY,Canada
Michelle KHO,Canada
Patty KLEIN,Canada
Marie LAURIER,Canada
Benoit LAVOIE,Canada
Raoul LEBLANC,Canada
Nicole LEBLANC-RICHARD,Canada
Rock LEMAY,Canada
Jeff LUKASIK,Canada
Gregor MACLEAN,Canada
Laura MACLELLAN,Canada
Bruno MARCOTTE,Canada
Jamie MCGRIGOR,Canada
Sheena MEURIN,Canada
David MOELLENKAMP,Canada
Stephanie Lafleur MORIN,Canada
Susan MORRISS,Canada
Jayson PEACE,Canada
Jerome POULIN,Canada
Norman PROFT,Canada
Hilary QUICK,Canada
Sally REHORICK,Canada
Elizabeth RIVARD,Canada
Genevieve ROSA,Canada
Lorna SCHRODER,Canada
Guylaine SEGUIN,Canada
Jean SENFT,Canada
Lauren SENFT,Canada
Wei SHI,Canada
Michael SLIPCHUK,Canada
Louis STONG,Canada
Cory SUTHERLAND,Canada
Ryan SUTHERLAND,Canada
Ethan SWINBURNSON,Canada
Fanny-Eve TAPP,Canada
William THOMPSON,Canada
Erica TOPOLSKI,Canada
Richard VALLEE,Canada
Ravi WALIA,Canada
Jaqueline WARREN,Canada
Jacqueline WICKETT-WARREN,Canada
Debbie WILKES,Canada
Sabrina WONG,Canada
Shae ZUKIWSKY,Canada
Yue CAO,China
Weiguang CHEN,China
Yang DING,China
Dan FANG,China
Ge GAO,China
Bing HAN,China
Jinyi HU,China
Feng HUANG,China
Yaqin JI,China
Hailan JIANG,China
Yibing JIANG,China
Jinyu LI,China
Ting LI,China
Hui LIU,China
Xixia LIU,China
Yuqing LIU,China
Guangying QIN,China
Hongguo REN,China
Rui SUN,China
Wei WANG,China
Yu WANG,China
Yumin WANG,China
Yuezheng XU,China
Fan YANG,China
Jiasheng YANG,China
Xiaoshan YANG,China
Jia YAO,China
Liqiang YU,China
Xiaohua YU,China
Tianyi ZHANG,China
Guona ZHAO,China
Jinping ZHAO,China
Rui ZHAO,China
Yanghong ZHAO,China
Sanja AMSEL-KANIZAJ,Croatia
Sara ANTONINI,Croatia
Natasa BAHAT,Croatia
Tena BOLCEVIC,Croatia
Nika CERKEZ,Croatia
Josip CEROVAC,Croatia
Josko CEROVAC,Croatia
Tomislav CIZMESIJA,Croatia
Tena COPOR,Croatia
Maria DIKANOVIC,Croatia
Sandra DUBRAVCIC,Croatia
Antica GRUBISIC,Croatia
Mirna GRUBISIC,Croatia
Karmen JURKOVAC,Croatia
Claudia KRIZMANIC,Croatia
Zeljka KRIZMANIC,Croatia
Bojan LIPOVSCAK,Croatia
Maja LIPOVSCAK,Croatia
Lovorka Kodrin LUKACIN,Croatia
Ivana JAKUPCEVIC MARINKOVIC,Croatia
Boris MARTINEC,Croatia
Mariana MESIC,Croatia
Tomislav MIKULANDRIC,Croatia
Davorin ORBAN,Croatia
Nenad ORBAN,Croatia
Sandra PAVICIC,Croatia
Ivona REPE,Croatia
Ana-Maria SARE,Croatia
Sanda DUBRAVCIC SIMUNJAK,Croatia
Dora STRABIC,Croatia
Valerie Grelet LAMBERT,Cyprus
Eva BAJTALONOVA,Czech Republic
Frantisek BAUDYS,Czech Republic
Jana BAUDYSOVA,Czech Republic
Petr BIDAR,Czech Republic
Renata CERNA,Czech Republic
Michaela CIESLAROVA,Czech Republic
Hana DOBROVOLNA,Czech Republic
Milan HARANT,Czech Republic
Marketa HORKLOVA,Czech Republic
Marketa HOUSKOVA,Czech Republic
Tomas JANECKO,Czech Republic
Zofie JAROLIMOVA,Czech Republic
Katerina KAMBERSKA,Czech Republic
Barbora KNOTKOVA,Czech Republic
Richard KOSINA,Czech Republic
Jana KOSTALOVA,Czech Republic
Klara KRUZIKOVA,Czech Republic
Vera KVARCAKOVA,Czech Republic
Marie LAFANTOVA,Czech Republic
Alena LEHKA,Czech Republic
Petra LEHKA,Czech Republic
Zdenka MADLOVA,Czech Republic
Karolina MELICHAROVA,Czech Republic
Miroslav MISUREC,Czech Republic
Jitka MOKRA,Czech Republic
Katerina MRAZOVA,Czech Republic
Lucie MURYCOVA,Czech Republic
Lucie MUZIKOVA,Czech Republic
Martin OSMERA,Czech Republic
Barbora OSMEROVA,Czech Republic
Lukas OVCACEK,Czech Republic
Zuzana PLESNIKOVA,Czech Republic
Jarmila PORTOVA,Czech Republic
Blanka PRAZAKOVA,Czech Republic
Zdenek PROCHAZKA,Czech Republic
Vera PUPSOVA,Czech Republic
Petra RIMALOVA,Czech Republic
Miluse SAFRANKOVA,Czech Republic
Renata SCHEJBALOVA,Czech Republic
Veronika SKALICKA,Czech Republic
Stanislava SMIDOVA,Czech Republic
Ivan SMOLIK,Czech Republic
Liliana STRECHOVA,Czech Republic
Katerina SULOWSKA,Czech Republic
Vera TAUCHMANOVA,Czech Republic
Andrea TRNKOVA-KUNCOVA,Czech Republic
Katerina TYKALOVA,Czech Republic
Eva TYPOLTOVA,Czech Republic
Miroslav VERNER,Czech Republic
Jana VOLFOVA,Czech Republic
Marta ZIMOVA,Czech Republic
Malene ANDERSEN,Denmark
Rikke ANDERSEN,Denmark
Lone ARUP,Denmark
Lone ATRUP,Denmark
Nanna BARTH,Denmark
Ingelise BLANGSTED,Denmark
Helle ROSSELL BOLS,Denmark
Andreas BRAMMER,Denmark
Helle CARLSEN,Denmark
Caroline Oreskov CHRISTOFFERSEN,Denmark
Cecilie DREIER,Denmark
Jette DRESLER,Denmark
Louise EBENER,Denmark
Katrine ESKILDSEN,Denmark
Kim Louise ETTRUP,Denmark
Mette FALKENHØJ,Denmark
Mathilde FELDING,Denmark
John Post FERDINANDSEN,Denmark
Marielle B. FOURNIER,Denmark
Maria FUGLSANG,Denmark
Ludovica GANDINI,Denmark
Jesper GORMSEN,Denmark
Pernille Langkjær GORMSEN,Denmark
Heidi Frølund HANSEN,Denmark
Nanna Jiang HANSEN,Denmark
Anita HILBERT,Denmark
Jesper HOLKJÆR,Denmark
Charlotte HOLM-BUSK,Denmark
Charlotte HOLM-NIELSEN,Denmark
Signe Hygom JACOBSEN,Denmark
Line Topholm JANUM,Denmark
Sanni Topholm JANUM,Denmark
Charlotte JENSEN,Denmark
Emma JENSEN,Denmark
Nicole Romanova JENSEN,Denmark
Veronica Humlebæk JENSEN,Denmark
Victoria Humlebæk JENSEN,Denmark
Leonora Colmor JEPSEN,Denmark
Josephine KÆRSGAARD,Denmark
Maria Bækgaard KJÆR,Denmark
Masha KNUDSEN,Denmark
Veronica KROHG,Denmark
Camilla Løvkvist LARSEN,Denmark
Christine HESTBECH LAURIDSEN,Denmark
Vivian LETHOLM,Denmark
Lone Amstrup LINNEMANN,Denmark
Svea LUND,Denmark
Laura LUNDSGAARD,Denmark
Michelle LYNDGAARD,Denmark
Helle LYNGBERG,Denmark
Christina Wassard MAAS,Denmark
Guri Svane MAGNUSSEN,Denmark
Kristina MARUSHAK,Denmark
Aya MØLGAARD,Denmark
Anne NGUYEN,Denmark
Maria NGUYEN,Denmark
Liv Tofte NIELSEN,Denmark
Kimia NIKKHAH,Denmark
Cecilie NOACH,Denmark
Lea NØRGAARD,Denmark
Nicole OLER,Denmark
Sara Azoulay PEDERSEN,Denmark
Isabella PELLIN,Denmark
Cristina PÉREZ,Denmark
Dasha PODTELEJNIKOVA,Denmark
Cecilie Emilie RENDTORFF,Denmark
Mary ROSENZWEIG,Denmark
Julia SANDSTEN,Denmark
Silje SCHMIDT,Denmark
Sille Maria SEJERSEN,Denmark
Vanessa SEVIDOVA,Denmark
Christina STIELUND,Denmark
Louise STIELUND,Denmark
Stina STRZELEC,Denmark
Anne Sjøberg THOMSEN,Denmark
Marie Louise THOMSEN,Denmark
Michael TYLLESEN,Denmark
Lone VILLEFRANCE,Denmark
Emma WOLF,Denmark
Jorge CANIZARES,Ecuador
Irene ALONSO,Spain
Raquel ALVAREZ,Spain
María ANTOLÍN,Spain
Laura ARBE,Spain
Maialen ARIZ,Spain
Daniela BLANCO,Spain
Alicia CALVO,Spain
Silvia CAMPOS,Spain
Daniel DELFA,Spain
Alexandra DELGADO,Spain
Edgar ESCUER,Spain
Anna EXPOSITO,Spain
Laura FERNÁNDEZ,Spain
Marcos DE LA FUENTE,Spain
Idoia FUENTES,Spain
Mariola GARCIA,Spain
Pablo GARCÍA,Spain
Marc GIRONELLA,Spain
Adriana ORTEGA HERNANDEZ,Spain
Maria HERRERO,Spain
Esther IRURETAGOYENA,Spain
Olatz MARTÍNEZ de LAFUENTE,Spain
Paula LÓPEZ,Spain
David MUÑOZ,Spain
Lourdes GUIJARRO NÚÑEZ,Spain
Marta OLOZAGARRE,Spain
Inés ORTIZ,Spain
Patricia ORTIZ,Spain
Susana PALÉS,Spain
Laia PAPELL,Spain
Natalia PÉREZ,Spain
Daniel PERIZ,Spain
Paula PUIGMAL,Spain
Mónica Alonso RAMOS,Spain
Saioa SANCHO,Spain
Marta SENRA,Spain
Georgina SERRALLACH,Spain
Iera SOLAY,Spain
Irene VÁZQUEZ,Spain
Natalia VÁZQUEZ,Spain
Silvia VILLELLAS,Spain
Patricia YEBENES-GOMEZ,Spain
Jelena ABOLINA,Estonia
Rita AEDLA,Estonia
Julia AGEROVA,Estonia
Johanna ALLIK,Estonia
Elina ANTONOVA,Estonia
Emili ARM,Estonia
Anastassia BELKINE,Estonia
Eliise ELKEN,Estonia
Kaidi ELMIK,Estonia
Helena ELSTER,Estonia
German FROLOV,Estonia
Jelena GALIMOVA,Estonia
Natalia GOLUBNICHAIA,Estonia
Roman GOTOVTSIKOV,Estonia
Katerina GRISHKUN,Estonia
Elena GROMOVA,Estonia
Anastassia GUROVA,Estonia
Margus HERNITS,Estonia
Triinu JAANHOLD,Estonia
Gerli KÄGI,Estonia
Ekaterina KALENDA,Estonia
Geido KAPP,Estonia
Kristina KIUDMAA-BUTJAJEV,Estonia
Zanna KULIK,Estonia
Peeter KULKOV,Estonia
Helina KULL,Estonia
Karmen KULL,Estonia
Sylvi KUNINGLIK,Estonia
Allar LAANE,Estonia
Carolina LAANTEE,Estonia
Mia LAANVEE,Estonia
Peeter LAUR,Estonia
Evelina LICHMAN,Estonia
Margarita LOMOVSKI,Estonia
Ere LUSTI,Estonia
Andrei MALJUTIN,Estonia
Dina MALOVA,Estonia
Elena MUHHINA,Estonia
Ainike NIINELAID,Estonia
Kristel OJASAAR,Estonia
Kristele OJASARE,Estonia
Evelina ORASTE,Estonia
Hildegard PALITS,Estonia
Maksim PEKKI,Estonia
Ksenia PETROVA,Estonia
Brita Paula PÕDER,Estonia
Heidi RAND,Estonia
Kristjan RAND,Estonia
Malle RATAS,Estonia
Kaileen RAUDSEPP,Estonia
Sana REMES,Estonia
Viktor ROMANENKOV,Estonia
Maiu ROSIN,Estonia
Nikolai SALNIKOV,Estonia
Julia SEMJONOVA,Estonia
Larissa SHULJATEVA,Estonia
Alina SKULETA-GROMOVA,Estonia
Mihhail SOKOLOV,Estonia
Anna Liisa TALTS,Estonia
Ann Merit TOIGER,Estonia
Eliise TOOMSALU,Estonia
Elena TRUUVERT,Estonia
Larissa UVAROVA,Estonia
Piret VALAMAA,Estonia
Mare VANATOA,Estonia
Carina VEERVALD,Estonia
Sofia VOSTRIKOVA,Estonia
Sonja VOSTRIKOVA,Estonia
Svetlana VOSTRIKOVA,Estonia
Oksana VUORELA,Estonia
Jana ZAVIZION,Estonia
Kadi ZVIRIK,Estonia
Leena AHO,Finland
Pia ALHONEN,Finland
Hannele ANTIKAINEN,Finland
Olga BARANOVA,Finland
Pernilla BÖHLING,Finland
Pauliina CANKAR,Finland
Paiu CARLSON,Finland
Sari DAHL-YLEN,Finland
Saara EHALT,Finland
Pirjo ELO,Finland
Ulriikka GIBSON,Finland
Pia-Maria GUSTAFSSON,Finland
Sari HAKOLA,Finland
Merja HUTTUNEN,Finland
Anni HYÖDYNMAA,Finland
Noora IKONEN,Finland
Jukka IMMONEN,Finland
Mirja JÄÄSKELÄINEN,Finland
Anne-Mari JUSSILA,Finland
Ossi KANERVO,Finland
Marjo KANKAANRANTA,Finland
Merja KOSONEN,Finland
Virpi KUNNAS-HELMINEN,Finland
Tuire KURONEN,Finland
Leena KURRI,Finland
Seppo KURTTI,Finland
Katri LAAKSO,Finland
Mia LAAKSO,Finland
Leena LAAKSONEN,Finland
Tuula LAAKSONEN,Finland
Saija LANKINEN,Finland
Peppi LARJAMO,Finland
Leo LENKOLA,Finland
Pekka LESKINEN,Finland
Jenni LINDSTRÖM,Finland
Saija LINDSTRÖM,Finland
Mirva LOPEZ,Finland
Riitta LOPONEN,Finland
Nea MALIN,Finland
Iina MÄNNIKKÖ,Finland
Erik MARTOMA,Finland
Saara MUIKKU,Finland
Tarja NÄSI,Finland
Anu NIINIRANTA,Finland
Marianne NYMAN,Finland
Maria OJANDER,Finland
Kati OVASKA,Finland
Vesa PEKKANEN,Finland
Susanna PELTOLA,Finland
Marjo PESONEN,Finland
Leena POHJANNE,Finland
Anna RAPANEN,Finland
Juha RÄTTÖ,Finland
Tarja RISTANEN,Finland
Johanna RUOKOLA,Finland
Mika SAARELAINEN,Finland
Hanna SÄRKILAHTI,Finland
Leea SOKURA,Finland
Anu SORMUNEN,Finland
Anna TARKKALA-HELLSTRÖM,Finland
Selja TEITTI,Finland
Tuija TOIVAKAINEN,Finland
Elina TURUNEN,Finland
Riitta TURUNEN,Finland
Laura TYKKYLÄINEN,Finland
Pirjo UIMONEN,Finland
Selja VAALTO,Finland
Eveliina VÄLISALMI,Finland
Johanna VESENTERÄ,Finland
Pauliina VICKHOLM,Finland
Laura VIITANEN,Finland
Pierrette ABRAVANEL,France
Dorothee AMOUR,France
Marien de la ASUNCION,France
Brigitte AUPRINCE,France
Frederic AVOT,France
Celine BALANDINE-PAULMIER,France
Benoît BAYARD,France
Ronald BEAU,France
Pauline BERTON,France
Amandine Leroy BERTOT,France
Francis BETSCH,France
Corinne BICHON,France
Solène BJÖRNSON-LANGEN,France
Fanny BOCK,France
Isabelle BERNARD BRULS,France
Didier BRUS,France
Anne BUNEL,France
Fanny CAGNARD,France
Anne Sophie CALVEZ,France
Anaelle CAMARDA,France
Laurent CARRIERE,France
Daniel De Paix De COEUR,France
Hélène CUCUPHAT,France
Jezabel DABOUIS,France
Sonia DECROS,France
Isabelle DEGOUTTE,France
Delphine DESCHAMPS,France
Raphaël DINH,France
Nathalie DOMECQ,France
Amaury DRUESNE,France
Segolene DUPREZ,France
Thomas DUSSOUS,France
Mérovée EPHREM,France
Doria ESTEVE,France
Magali ESTEVEZ,France
Fernand FEDRONIC,France
Clement FICHMANN,France
Veronique FLEURY,France
Catherine GLAISE,France
Thierry GRENIER,France
Valerie GREUGNY,France
Valerie GREUGNY-HUART,France
Eléonore GUARINO,France
Vanessa GUSMEROLI,France
Enzo HACQUIN,France
Jean-Bernard HAMEL,France
Adrien HAMON,France
Anne HARDY-THOMAS,France
Frédéric HARPAGES,France
Didier HIGEL,France
Laetitia HOLBECQ-HUBERT,France
Christine HURTH,France
Jean Yves KERBOURC'H,France
Pierre DE LACROIX,France
Mélanie LAMBERT,France
Stéphanie LAMOUR,France
Carole LAPLANCHE,France
Agnès DE LACROIX-DE LAVALETTE,France
Gaylord LAVOISIER,France
Sabrina LEBATTEUR,France
Katia LEMAIRE,France
Anthony LEROY,France
Emmanuel LODIEU,France
Elisabeth LOUESDON,France
Philippe MAITROT,France
Stephane MAITROT,France
Sylvie MALLINGER,France
Didier MANAUD,France
Nadia MARCELIN,France
Rachel MARCO,France
Cécile MERIGLIER,France
Philippe MERIGUET,France
Aurore MEYNADIER,France
Charline MEYNAUD,France
David MOLINA,France
Thierry MONMINOUX,France
Meghann MONNET,France
Gabriel MONNIER,France
Katell MORVAN,France
Céline MOTTE,France
Olivier MOTTE,France
Matteo OTTAVIANI,France
Daniel de PAIX,France
Flore PARADON,France
Guillaume PAULMIER,France
Angélique PAUMELLE,France
Sandrine PEIZERAT,France
Cedric PERNET,France
Isabelle PEROLINI,France
Clément PERRIGOUARD,France
Roxane PETETIN,France
Benoit PICHOT,France
Bruno PIEL,France
Emilie POLIDOR-GRAS,France
Natacha PONTONNIER,France
Melanie PRAGUE,France
Morgan RASLE,France
Emma RESTAINO,France
Grégory REVERDIAU,France
Marie REYNAUD,France
Vivien ROLLAND,France
Bruno ROSTAN,France
Hélène Le ROUX,France
Ludovic ROUX,France
Sylvain ROUX,France
François RUCHAUD,France
Anne-Lise SALLES,France
Vanessa SANESTI,France
Béatrice SARROT,France
Chloe SEBAG,France
Elodie SERTIER,France
Jean-Christoph SIMOND,France
Francois SOUBIRAN,France
Thomas SPIETH,France
Florence CATRY DE SURMONT,France
Claude THEVENARD,France
Veronique TOLAZZI,France
Benjamin TRICOIT,France
Séverine VACHON,France
Gilles VANDENBROECK,France
Veronique VASSEUR,France
Veronique VERRUE,France
Alexandra VOLLE,France
Florence VUYLSTEKER,France
Francois WAITZMAN,France
Sébastien WASNIEWSKI,France
Karen WILLMS,France
Amélie ZANZOLA,France
Hely ABBONDATI,Great Britain
Wendy ADDISON,Great Britain
Beverley ADSHEAD,Great Britain
Daiana AGGIANO,Great Britain
Pam AGUSS,Great Britain
Daiana ALLEN,Great Britain
Mary ANDERSON,Great Britain
Ann ANGUS,Great Britain
Hamish ANGUS,Great Britain
James ANGUS,Great Britain
Karen ARCHER,Great Britain
Almila ARIKAN-SARBANOGLU,Great Britain
Katie BAILIE,Great Britain
Marika Humphreys BARANOVA,Great Britain
Phyllida BARDEN,Great Britain
Sandra BARKER,Great Britain
Phyllida BECK,Great Britain
Stuart BELL,Great Britain
Anne Veck BEM,Great Britain
Diana Stevens BEM,Great Britain
Margaret Worsfold BEM,Great Britain
Samantha BLACKMORE,Great Britain
Monica BLIGH,Great Britain
Claire BONNAR,Great Britain
Christopher BOYADJI,Great Britain
Simon BRIGGS,Great Britain
Fiona BROWN,Great Britain
Jane BROWN,Great Britain
Neil BROWN,Great Britain
Alison BROWNLEE,Great Britain
Christopher BUCHANAN,Great Britain
Trudi BURGESS,Great Britain
Rebecca CALTHORPE,Great Britain
Ryan CANDY,Great Britain
Gemma CHADDOCK,Great Britain
Mary CHAPMAN,Great Britain
Allen CHUNG,Great Britain
Michelle COLLETT,Great Britain
Leanne COLLINS,Great Britain
Amanda CORBETT,Great Britain
Marco CORVARO,Great Britain
Janet COTON,Great Britain
Linda CRAIG,Great Britain
Lisa Tania DAVIDSON,Great Britain
Emma DAVIES,Great Britain
Sam DAVIS,Great Britain
Danka DJURASEVIC,Great Britain
Amanda DONNELLY,Great Britain
Alison DONOVAN,Great Britain
Paul DREDGE,Great Britain
Janine ELSON,Great Britain
Nichola ETGART,Great Britain
Tara FEHILLY,Great Britain
Alice FELL,Great Britain
Stephen FERNANDEZ,Great Britain
Ann FINDLAY,Great Britain
William FINDLAY,Great Britain
Linda FRASER,Great Britain
Richard GRAINGE,Great Britain
Irene GRANT,Great Britain
Claire GREGORY,Great Britain
Natalie HAIME,Great Britain
Sue HANDS,Great Britain
Sarah HANRAHAN,Great Britain
Christine HARPER,Great Britain
David HARTLEY,Great Britain
Maria HOLDCROFT,Great Britain
Doreen HOPPE,Great Britain
Garry HOPPE,Great Britain
Patricia HOUGHTON,Great Britain
Tish HOUGHTON,Great Britain
Rose JOHNSTONE,Great Britain
Tracey JOHNSTONE,Great Britain
Karen JONES,Great Britain
Ezgi KELLEHER,Great Britain
David KING,Great Britain
Amanda KNIGHT,Great Britain
Anastasiia KUZMINA,Great Britain
Richard LAMBERT,Great Britain
Robert LAMBERT,Great Britain
Alison LAWS,Great Britain
Lucy LEONARD,Great Britain
Abigail LIEW,Great Britain
Suzanne LINDSEY,Great Britain
Elizabeth LITTLER M.B.E.,Great Britain
Sarah LOGIE,Great Britain
Natalie LUCAS,Great Britain
Lorna MACLEOD,Great Britain
Mel MALLINSON,Great Britain
Kevin MARSHALL,Great Britain
Jacquie MARTIN,Great Britain
Helen MCANDREW,Great Britain
Elaine MCCORMICK,Great Britain
Monica MCDONALD,Great Britain
John MCKAY,Great Britain
Claire MCKEN,Great Britain
Lorraine MCLATCHIE,Great Britain
Laura MCNAIR,Great Britain
Liam MEANWELL,Great Britain
David MERCADO,Great Britain
Nick MIDFORD,Great Britain
Matthew MILLER,Great Britain
Kath MITCHELL,Great Britain
Stephanie MITCHELL,Great Britain
Yebin MOK,Great Britain
Peter MORRISSEY,Great Britain
David MUMBY,Great Britain
Robert MURRAY,Great Britain
Dan NICHOLSON,Great Britain
Vycki NICHOLSON,Great Britain
Tom NUTLEY,Great Britain
Jodie O'KEEFE,Great Britain
Sundeep PANDYA,Great Britain
Samantha PAYNE,Great Britain
Dawn PECKET,Great Britain
Graham PERRIN,Great Britain
Philippa PICKARD,Great Britain
Andrew John PLACE,Great Britain
Tina PRETORIUS,Great Britain
Helen PRIOR,Great Britain
Janine PUMPHREY,Great Britain
David RICHARDSON,Great Britain
Vanessa RILEY,Great Britain
Stephanie ROSS,Great Britain
Nicholas RUSSELL,Great Britain
Nick RUSSELL,Great Britain
Julia SANDERS,Great Britain
Sami SANDERSON,Great Britain
Tammy SEAR-WATKINS,Great Britain
Hilary SELBY,Great Britain
Claire SHEPHERD,Great Britain
Alison SMITH,Great Britain
Anne STRANGE,Great Britain
Karen TAYLOR,Great Britain
Candice TOWLER-GREEN,Great Britain
Susan TWEDDELL,Great Britain
Sue TWEDDLE,Great Britain
Lucy VISINONI,Great Britain
Sergei VOLGUSHEV,Great Britain
Rhian WALTHER,Great Britain
Robinia Mary WAREHAM,Great Britain
Michael WEBSTER,Great Britain
Peter WESTON,Great Britain
Jamie WHYTE,Great Britain
Alistair WILSON,Great Britain
Sam WOOD,Great Britain
Caroline WOODTHORPE,Great Britain
Cyril YATES,Great Britain
Jimmy YOUNG,Great Britain
Salome CHIGOGIDZE,Georgia
Yulia LEVSHUNOVA,Georgia
Patrick ADDEO,Germany
Estafania ALVAREZ,Germany
Sabine ANHÖCK,Germany
Christine ANSTÄTT,Germany
Ekaterina BALASURIYA,Germany
Volker BARTELS,Germany
Christian BAUMANN,Germany
Arne BAYER,Germany
Bettina BAYER,Germany
Tobias BAYER,Germany
Sonja BECKER,Germany
Kersten BELLMANN,Germany
Oliver BENNEMANN,Germany
Peter BERGMANN,Germany
Cornelia BEYERMANN,Germany
Benjamin BLUM,Germany
Ute BOEHM,Germany
Tarja BÖHLKE,Germany
Katharina BORCHARDT,Germany
Eva BORGENHEIMER,Germany
Stefano CARUSO,Germany
Catherine CHAMMARTIN,Germany
Eva CLEMENS,Germany
Ludwig CZOCZEK,Germany
Olga DAUMANN,Germany
Sabrina DENK,Germany
Ulf DENZER,Germany
Melanie DICHTER,Germany
Dominique DIECK,Germany
Friedrich DIECK,Germany
Andrea DIEWALD,Germany
Gloria DREBES,Germany
Doreen DÜCHTING,Germany
Marion EHRT,Germany
Melanie EISENMANN,Germany
Gabriele ELSNER,Germany
Claudia ESSERS,Germany
Ulla FAIG,Germany
Birgit FÖLL,Germany
Caroline FÖLL,Germany
Mario FOSCA,Germany
Gwendolyn FREY,Germany
Peter FUCHS,Germany
Michael GANSER,Germany
Birgit GASCHLER,Germany
Tobias GERER,Germany
Anastasiya GONCHAROVA,Germany
Wolfgang GRAMPP,Germany
Elfriede GREF,Germany
Sergey GROSS,Germany
Manuela GROß-LEUPOLD,Germany
Corinna GUNDLACH,Germany
Brigitte HALLER,Germany
Meike HAMMER,Germany
Lisa-Sophie HARTLING,Germany
Thomas HECK,Germany
Laurenz HEIDERMANN,Germany
Karin HENDSCHKE-RADDATZ,Germany
Claus-Peter HERDEN,Germany
Julia HETTMER,Germany
Katharina HEUSINGER,Germany
Olga HILKEVITSCH,Germany
Jan HOFFMANN,Germany
Michael HOPFES,Germany
Vladimir JELINEK,Germany
Kristina KAMINSKI,Germany
Ulrike KARCH,Germany
Evgenia KARNOLSKA,Germany
Anneli KAWELKE,Germany
Marina KIELMANN,Germany
Kerstin KIMMINUS,Germany
Falko KIRSTEN,Germany
Stefanie KLEES,Germany
Alexander KOCH,Germany
Christina KOLBE,Germany
Alexander KÖNIG,Germany
Tanja KÖRNER-WEISSFLOCH,Germany
Gabriele KRAKAU,Germany
Gaby KRAKAU,Germany
Marion KRÄMER,Germany
Sissy KRICK,Germany
Stefanie KÜHNEL,Germany
Petra KWIET,Germany
Jens TER LAAK,Germany
Ivetta LABERNY,Germany
Kerstin LACKMANN,Germany
Bettina LANGWALD,Germany
Eugen LARASSER,Germany
Kristin LAUBE,Germany
Carmen LAUN,Germany
Dagmar LAUN,Germany
Heather Celestine LAWLESS,Germany
Heather Celestine LEHNERT,Germany
Mileen LEMKE,Germany
Martin LIEBERS,Germany
Uta LIMPERT,Germany
René LOHSE,Germany
Jörn LUCAS,Germany
Tanja LUFT,Germany
Sara LUMNITZ,Germany
Dagmar LURZ-PROTT,Germany
Claudia MANSKE,Germany
Maria MCLEAN,Germany
Jeannette MEDINI,Germany
Carolin MEISTER-GOSCHY,Germany
Stefan MERSEBURGER,Germany
Antje MIESKES,Germany
Reinhard MIRMSEKER,Germany
Sonja MÜLLENBACH,Germany
Isabel DUVAL DE NAVARRE,Germany
Christian NÜCHTERN,Germany
Michael OSTHOFF,Germany
Irmelin OTTEN,Germany
Gabriela OTTEN-FLACH,Germany
Sarah PAFFEN,Germany
Iris PAUL,Germany
Katharina PAULUS,Germany
Marie-Sophie PHILIPP,Germany
Miriam PIETRASIK,Germany
Rolf PIPOH,Germany
Marion POMPETZKI,Germany
Anett PÖTZSCH-RAUSCHENBACH,Germany
Stefan PREISENDORFER,Germany
Caroline RAICHLE,Germany
Thomas RAUER,Germany
Tanja RESSMANN,Germany
Ingrid RIEKERT,Germany
Stefanie RIEPL,Germany
Anja RIST,Germany
Marion ROMANS,Germany
Susanne RÖRTGEN,Germany
Leo SAKAGUCHI,Germany
Lucien SCHAARSCHMIDT,Germany
Tanja SCHÄUBLE,Germany
Malte SCHMIDT,Germany
Ulrich SCHMIEDER,Germany
Stefanie SCHÖTTL,Germany
Norbert SCHRAMM,Germany
Anke SCHULTHEIß,Germany
Hermann SCHULZ,Germany
Vitali SCHULZ,Germany
Nolan SEEGERT,Germany
Verena SEIBERT,Germany
Zuzana SMOLKOVA,Germany
Herta SOBOTKA,Germany
Daniel SONNTAG,Germany
Peggy SONNTAG,Germany
Stephan SPARAKOWSKI,Germany
Eran SRAGOWICZ,Germany
Claudia STAHNKE,Germany
Heiko STARKE,Germany
Stephanie STEHLE,Germany
Ernst STRITZINGER,Germany
Anna-Lisa STURM,Germany
Kristin STÜTZER,Germany
Tania STÜVE-BEIßMANN,Germany
Marinela SUTEU,Germany
Nevine Abu TAYEH,Germany
Günther TEICHMANN,Germany
Brigitte THIELE,Germany
Kirsten TILLMANN,Germany
Elke TREITZ,Germany
Angelika ULLM,Germany
Claudia UNGER,Germany
Wilhelmina VAN VEEN,Germany
Judith VERSTÄNDIG,Germany
Andrea VOTH,Germany
Peter VOTH,Germany
Juliane WAGNER,Germany
Monika WAGNER-KUTINOVA,Germany
Christiane WALD,Germany
Andreas WALDECK,Germany
Volker WALDECK,Germany
Heinz-Ulrich WALTHER,Germany
Sandra WEIGMANN-FAßBENDER,Germany
Carolin WEINERT-GRUNEWALD,Germany
Victoria WEISKOPF,Germany
Jan WEISSENBACH,Germany
Doreen WENDE,Germany
Maylin WENDE,Germany
Brigitte WENDT,Germany
Anke WINTERPACHT,Germany
Ingrid Charlotte WOLTER,Germany
Ekaterina ZABOLOTNAYA,Germany
Olga ZAKOVA,Germany
Lisa ZELLER,Germany
Alina ZETSCHE,Germany
Stefanie ZIEGLMEIER,Germany
Anna CHATZIATHANASSIOU,Greece
Katerina KONDAKI,Greece
Anastasia PAPAGIANNOPOULOU,Greece
Dan CHEN,Hong Kong
Edward Ka-Yin CHOW,Hong Kong
Hiu Lok CHOW,Hong Kong
Kwun Yung Quincy FONG,Hong Kong
Phyllis Tze Ching LEE,Hong Kong
Derek Hay Wai LEUNG,Hong Kong
Karen LEUNG,Hong Kong
Xibei LI,Hong Kong
Siyu LIU,Hong Kong
Sijin MOU,Hong Kong
Teresa POON,Hong Kong
Hiu Tung Helen TO,Hong Kong
Helen To Hiu TUNG,Hong Kong
Melody Tan Tan YIP,Hong Kong
Tan Tan YIP,Hong Kong
Lijie YU,Hong Kong
Yiyi ZHANG,Hong Kong
Agnes KUSZTOS ANDIK,Hungary
Teréz BAGÓ,Hungary
Katalin BALCZÓNÉ,Hungary
Csaba BALINT,Hungary
Bíborka BÁRSONY,Hungary
Julianna BEKE,Hungary
Gabriella BENO,Hungary
Enikö BERKES,Hungary
Tamara DOROFEJEV,Hungary
György ELEK,Hungary
Biborka FABOK,Hungary
Orsolya FARKAS,Hungary
Kristóf FORGÓ,Hungary
Eperke GABRIELI,Hungary
Júlia GÓR-SEBESTYÉN,Hungary
Balázs GRENCZER,Hungary
Zuszanna HOMOLYA,Hungary
Dária JAKAB,Hungary
Barna KÉRÉSZI,Hungary
Gábor KOLECSÁNSZKY,Hungary
Zsófia KULCSÁR,Hungary
Olivia LALÁTKA,Hungary
Gyöngyi BERKI LÉVAI,Hungary
Mark MAGYAR,Hungary
Agnes MORVAI-KÖVECSES,Hungary
Agnes HORVATH NAGY,Hungary
Szilvia NÉMETH,Hungary
Attila ÖMBÖLY,Hungary
Ákos PETHES,Hungary
Imi RAABE,Hungary
Attila SOÓS,Hungary
Noemi STIPKOVITS,Hungary
Istvan SUGAR,Hungary
Dorina SUPÁK,Hungary
Bianka SZIJGYARTO,Hungary
Éva SZILÁGYI,Hungary
Gyula SZOMBATHELYI,Hungary
Zsofia TOKAJI-KULCSAR,Hungary
Szilárd TÓTH,Hungary
Eszter VÉSEI,Hungary
Zsuzsanna VIKÁRNÉ-HOMOLYA,Hungary
Zsofia WAGNER,Hungary
Odhran ALLEN,Ireland
Margery HILKO,Ireland
Clara PETERS,Ireland
Sólveig ANDRÉSSDÓTTIR,Iceland
Ásdís Arna Fen BERGSVEINSDÓTTIR,Iceland
Eva Björg BJARNADÓTTIR,Iceland
Guðrún BRYNJÓLFSDÓTTIR,Iceland
Ásdís Rós CLARK,Iceland
Berglind Rós EINARSDÓTTIR,Iceland
Guðbjört ERLENDSDÓTTIR,Iceland
Sigríður María FORTESCUE,Iceland
Esther FRIÐRIKSDÓTTIR,Iceland
Sara Sesselja FRIÐRIKSDÓTTIR,Iceland
Helga Lára GÍSLADÓTTIR,Iceland
Sandra Sif GUNNARSDÓTTIR,Iceland
Guðbjörg GUTTORMSDÓTTIR,Iceland
Kristín Helga HAFÞÓRSDÓTTIR,Iceland
Íris Kara HEIÐARSDÓTTIR,Iceland
Nadia JAMCHI,Iceland
Elín Björk JÓNSDÓTTIR,Iceland
Svava Hróðný JÓNSDÓTTIR,Iceland
Vala Rún MAGNÚSDÓTTIR,Iceland
Sunna Björk MOGENSEN,Iceland
Benjamin NAGGIAR,Iceland
Valgerður Anna ÓLAFSDÓTTIR,Iceland
Kristín ÓMARSDÓTTIR,Iceland
Halla Björg SIGURÞÓRSDÓTTIR,Iceland
Linda VIÐARSDÓTTIR,Iceland
Ragnhildur Erla ÞORGEIRSDÓTTIR,Iceland
Katalin ALPERN,Israel
Alexei BELETSKI,Israel
Svetlana BUKAREVA,Israel
Edward ESTIS,Israel
Anna KANTOR,Israel
Alfred KORYTEK,Israel
Galit Chait MORACCI,Israel
Kfir NATAN,Israel
Julia SHEIKO,Israel
Maksim SHIPOV,Israel
Albert ZAYDMAN,Israel
Kristy BALKWILL,International skating union
Mate CSABA,International skating union
Anna DOUGLAS,International skating union
John FISHER,International skating union
Nana FUKATSU,International skating union
Marisa GRAVINO,International skating union
Cong HAN,International skating union
Clara HARDARSSON,International skating union
Mariko HAYASHI,International skating union
Katla Rún ÍSFELD,International skating union
Hyo-Jung JEON,International skating union
Reiko KATOH,International skating union
Akiko KINOSHITA,International skating union
Takako KOSANO,International skating union
Benjamin LONGMAN,International skating union
Paula MALLINSON,International skating union
Tania MARGARIDO,International skating union
Carolyn MCEWEN,International skating union
Natal'ya MITYUSHINA,International skating union
Risa MIYAKE,International skating union
N/A N/A,International skating union
Sari NAKAGAWA,International skating union
Marie NAKATA,International skating union
Naoya NISHIMOTO,International skating union
Arisa SAITOU,International skating union
Aldís Lilja SIGURÐARDÓTTIR,International skating union
Anna Giertz SKABLOVA,International skating union
Akinori TAKAHATA,International skating union
Sae TAKASUGI,International skating union
Kana TAMADA,International skating union
Yuya TAMADA,International skating union
Zsófia TÓTH,International skating union
Reiko TOYODA,International skating union
Samuel WOOD,International skating union
Atsuko YONETSU,International skating union
Valentina ADAMI,Italy
Daniel David AGGIANO,Italy
Virginia DE AGOSTINI,Italy
Francesco ALBANESI,Italy
Andrea BALDI,Italy
Isabella BALESTRI,Italy
Matteo BALLABIO,Italy
Franco BENINI,Italy
Gabriela BENINI,Italy
Edoardo BERGAMASCO,Italy
Edoardo de BERNARDIS,Italy
Valentina BERTOLINI,Italy
Fabio BIANCHETTI,Italy
Franca BIANCONI,Italy
Elisabetta BIGNARDI,Italy
Toni BOMBARDIERI,Italy
Matteo BONFA,Italy
Elvira BOTTONI,Italy
Claudia BRAMBATI,Italy
Miriam BRUNERO,Italy
Marco BUTTARELLI,Italy
Elisabetta CAIMI,Italy
Lorenzo CANAPICCHI,Italy
Stefania CAPPA,Italy
Anna CAPPELLINI,Italy
Francesca CAPUTO,Italy
Michele CARENZI,Italy
Stefano CARON,Italy
Serenella CARPEGNA,Italy
Giorgia CARROSSA,Italy
Francesca CATTANEO,Italy
Daniela CAVELLI,Italy
Alice CAVERZAGHI,Italy
Marcello CAZZANIGA,Italy
Rossella CECCATTINI,Italy
Michela CESARO,Italy
Marco CICALA,Italy
Paola COLAVITTO,Italy
Massimo COLOMBI,Italy
Francesca COTOGNI,Italy
Valeria CRISCUOLI,Italy
Monica DOMENICALI,Italy
Marco FAGGIOLI,Italy
Francesca FERMI,Italy
Filippo FERRARI,Italy
Giuseppina Elvira Giovanna FERRARIO,Italy
Pinuccia FERRARIO,Italy
Elena FERRI,Italy
Gianfranco FIORETTI,Italy
Pierluigi FODDE,Italy
Caterina FRATTINI,Italy
Marika FURNARI,Italy
Caterina GABANELLA,Italy
Emanuela Silvia GAIA,Italy
Anna GIACOMELLI,Italy
Valentina GIANNOLA,Italy
Olga GILARDINI,Italy
Carlo GOLDSTEIN,Italy
Igor Gaetano DI GREGORIO,Italy
Claudia IACONO,Italy
Moreno INZAGHI,Italy
Paivi KOWACZ,Italy
Renata LAZZARONI,Italy
Valeria LEONI,Italy
Viktoriya LIAKHAVA,Italy
Raffaella LOCATELLI,Italy
Jyrina LORENZ,Italy
Valentina MAESTRANZI,Italy
Lorenzo MAGRI,Italy
Michela MALINGAMBI,Italy
Stefania MANENTI,Italy
Gabriele MARAVIGLIA,Italy
Miranda MARCHI,Italy
Maurizio MARGAGLIO,Italy
Fabio MASCARELLO,Italy
Roberta MAYNARDI,Italy
Stefania MERLO,Italy
Diana MICH,Italy
Isabella MICHELI,Italy
Gabriele MINCHIO,Italy
Francesca MINEO,Italy
Tiziana MIORINI,Italy
Gloria MORANDI,Italy
Tiziana MORANDI,Italy
Valeria MOSSO,Italy
Rosanna MURANTE,Italy
Cristiana DI NATALE,Italy
Fabiana Di NATALE,Italy
Ludovica NIZZA,Italy
Ambra NOBILE,Italy
Katerina NOVAKOVA,Italy
Nicolo NOVARINO,Italy
Massimo ORLANDINI,Italy
Tiziana PAGANI,Italy
Miriam PALANGE,Italy
Milena PANIC,Italy
Fabrizio PEDRAZZINI,Italy
Roberto PELIZZOLA,Italy
Karol PESCOSTA,Italy
Nicole PIANEZZE,Italy
Emanuela PIZZOCARI,Italy
Paolo PIZZOCARI,Italy
Romina POLI,Italy
Ilaria PONTI,Italy
Carlotta PONTREMOLI,Italy
Rose Mary QUARTO,Italy
Elisa RICCI,Italy
Olga ROMANOVA,Italy
Valeria ROSA,Italy
Tiziana ROSASPINA,Italy
Lisa Kowacz SAPORITO,Italy
Marco SCURI,Italy
Caterina SIMONCELLI,Italy
Simona Giovanna Maria SPALLUTO,Italy
Annalisa SPAMPINATO,Italy
Daniela TACCANI,Italy
Rebecca TAEVI,Italy
Rebecca TALEVI,Italy
Walter TOIGO,Italy
Chiara TORCHIO,Italy
Francesco TORRE,Italy
Daniela VALLONI,Italy
Valeria VERCELLINO,Italy
Gilberto VIADANA,Italy
Matteo ZANNI,Italy
Walter ZUCCARO,Italy
Masayo ABE,Japan
Tetsuo ABE,Japan
Nami AKIYAMA,Japan
Kenji AMAKO,Japan
Honoka AMANO,Japan
Shin AMANO,Japan
Ai AMBO,Japan
Miwako ANDO,Japan
Yoko ANDO,Japan
Marie ARAI,Japan
Mitsuki ARAKI,Japan
Yuko ARAYA,Japan
Etsuko AZUMA,Japan
Toru DOBASHI,Japan
Yukinobu DODO,Japan
Nanae DOMOTO,Japan
Takashi DOZONO,Japan
Tatsuya FUJII,Japan
Yasuo FUJII,Japan
Mieko FUJIMORI,Japan
Kazuko FUJISAWA,Japan
Yoshiro FUJISAWA,Japan
Akiko FUJITA,Japan
Sanae FUJITA,Japan
Norie FUKATSU,Japan
Tomie FUKUDOME,Japan
Miyu FUNABASHI,Japan
Yumiko FURUHATA,Japan
Takuro FURUKAWA,Japan
Ito FUSAKO,Japan
Tsuyoshi GOKUDEN,Japan
Chizu GOTOH,Japan
Soichi HAGISU,Japan
Nagisa HAGIWARA,Japan
Satoyo HAGIYA,Japan
Jun HARUKI,Japan
Etsuko HATANAKA,Japan
Yumi HAYAKAWA,Japan
Kikuko HAYASHI,Japan
Akiko HIGAKI,Japan
Ayako HIGASHINO,Japan
Mikio HIRAI,Japan
Takashi HIRAI,Japan
Junko HIRAMATSU,Japan
Sumiyo HIRAYAMA,Japan
Ai HONDA,Japan
Yuki HORIKAWA,Japan
Ritsuko HORIUCHI,Japan
Manami HOSHI,Japan
Mahito HOSOI,Japan
Nobuko HOSOKAWA,Japan
Junetsu IGARASHI,Japan
Michiko IHARA,Japan
Hironori IIZUKA,Japan
Yoriko IKEDA,Japan
Tomoko IMAGAWA,Japan
Satoko INABA,Japan
Jun INOUE,Japan
Ikuko ISHIKAWA,Japan
Shoko ISHIKAWA,Japan
Yuuka ISHIKAWA,Japan
Hidehito ITO,Japan
Junko ITO,Japan
Maya ITO,Japan
Takuji ITO,Japan
Nami ITOYAMA,Japan
Masaharu IWAKAWA,Japan
Yuki IWAKURA,Japan
Hidetoshi IWASAKI,Japan
Akira IZAWA,Japan
Sho KAGAYAMA,Japan
Yuko KAGITA,Japan
Mitsutoshi KAJI,Japan
Koji KAMEI,Japan
Seiko KAMIMURA,Japan
Minoru KANNO,Japan
Makoto KANO,Japan
Noriyuki KANZAKI,Japan
Shigeto KATAYOSE,Japan
Masako KATO,Japan
Mayumi KATO,Japan
Shinpei KATO,Japan
Norifumi KAWACHI,Japan
Masako KAWAI,Japan
Shinichi KAWAI,Japan
Yoshie KIKKAWA,Japan
Chaehwa KIM,Japan
Mariko KIMURA,Japan
Takako KIMURA,Japan
Akiko KOBAYASHI,Japan
Hiroshi KOBAYASHI,Japan
Nagao KOBAYASHI,Japan
Reiko KOBAYASHI,Japan
Yoshiko KOBAYASHI,Japan
Masayo KOMAKII,Japan
Yuiko KOMATSU,Japan
Masami KONDO,Japan
Tomoyuki KOORIYAMA,Japan
Aya KOTO,Japan
Noriko KOYAMA,Japan
Tomoaki KOYAMA,Japan
Ayumi KOZUKA,Japan
Tsuguhiko KOZUKA,Japan
Ikuko KUBO,Japan
Masako KUBOTA,Japan
Chikako KUNO,Japan
Takeo KUNO,Japan
Yoko KUNO,Japan
Shogo KURATANI,Japan
Yoko KURITA,Japan
Tomoko KURIYAMA,Japan
Makoto KUSAKA,Japan
Yuka KUSAMA,Japan
Takeshi KYODA,Japan
Masami MAE,Japan
Mami MAEDA,Japan
Orie MANABE,Japan
Mayumi MASUDA,Japan
Youko MATSUDA,Japan
Yukako MATSUHASHI,Japan
Eri MATSUMOTO,Japan
Kazue MATSUMOTO,Japan
Yuki MATSUMURA,Japan
Yumiko MATSUMURA,Japan
Yuko MICHIKAWA,Japan
Kinuko MISAKA,Japan
Hideko MIYAJIMA,Japan
Miho MIYASAKA,Japan
Hayato MIYAZAKI,Japan
Katsutoshi MIYAZAKI,Japan
Hitomi MIZUNO,Japan
Motoki MIZUNO,Japan
Yuki MORALES,Japan
Kazuki MORI,Japan
Seikichi MORI,Japan
Itsuko MORISHIGE,Japan
Junko MORISHITA,Japan
Motoko MUKAI,Japan
Naoto MURAKAMI,Japan
Miyu MURAKANI,Japan
Yuko MURAKI,Japan
Shoji NAGASAWA,Japan
Shinichi NAKAHARA,Japan
Makiko NAKAMURA,Japan
Masashi NAKAMURA,Japan
Rina NAKAMURA,Japan
Kensuke NAKANIWA,Japan
Yukari NAKANO,Japan
Miyoko NAKAYAMA,Japan
Masahiro NIIKAWA,Japan
Youko NIINO,Japan
Naoko NIIYAMA,Japan
Ryuko NIREMOTO,Japan
Kyoko NISHI,Japan
Masahito NISHIDA,Japan
Naoko NISHIMURA,Japan
Naomi NISHIMURA,Japan
Toshiko NISHIZONO,Japan
Manabu NITTA,Japan
Sari NOGUCHI,Japan
Kahoru NOZAKI,Japan
Makiko OGASAWARA,Japan
Reiko OGAWA,Japan
Yuko OGAWA,Japan
Hiroko OGINO,Japan
Tokiomi OGINO,Japan
Takemochi OHGAMI,Japan
Sayaka OHMURA,Japan
Yukiko OKABE,Japan
Sachiko OKADA,Japan
Makiko OKAMURA,Japan
Mie OKANIWA,Japan
Sakiko OKANO,Japan
Makoto OKAZAKI,Japan
Misaki OKUTSU,Japan
Satoshi OMORI,Japan
Emiko ONDA,Japan
Yoshie ONDA,Japan
Ayumi ONO,Japan
Masayuki OOBA,Japan
Minoru OSADA,Japan
Manami OURA,Japan
Mitsuki OYAMA,Japan
Cathy REED,Japan
Tsukasa SAITO,Japan
Yoshiko SAKAMOTO,Japan
Ayaka SAKASHITA,Japan
Jun SAKATA,Japan
Megumi SAKURAI,Japan
Shugo SAKURAI,Japan
Hiromi SANO,Japan
Meiko SASAKI,Japan
Daigo SATO,Japan
Hajime SATO,Japan
Kaori SATO,Japan
Kumiko SATO,Japan
Yasuko SATO,Japan
Yasuyuki SATO,Japan
Akira SEKINE,Japan
Kengo SHIBATA,Japan
Marie SHIMIZU,Japan
Ayako SHIMODE,Japan
Hiroshi SHINDO,Japan
Miyuki SHIOMI,Japan
Haruto SHIRAI,Japan
Takeshi SHIRASAKA,Japan
Noriko SHIROTA,Japan
Yutaka SHOJI,Japan
Mari SOBUE,Japan
Miho SOGO,Japan
Mariko SUGA,Japan
Hideo SUGITA,Japan
Aya SUMIDA,Japan
Yoshinori SUSAKI,Japan
Kenji SUZUKI,Japan
Kentaro SUZUKI,Japan
Miyuki SUZUKI,Japan
Syouhei SUZUKI,Japan
Tamio SUZUKI,Japan
Hiromi TABEI,Japan
Yurika TAGAWA,Japan
Makiko TAKAHASHI,Japan
Megumi TAKAHASHI,Japan
Takanori TAKAHASHI,Japan
Yu TAKAHASHI,Japan
Kuniko TAKAMURA,Japan
Kaori TAKEDA,Japan
Yukio TAKEDA,Japan
Tomoko TAKENOUCHI,Japan
Akemi TAKEUCHI,Japan
Yosuke TAKEUCHI,Japan
Kaoru TAKINO,Japan
Sachiko TAMAMUSHI,Japan
Ai TANABE,Japan
Hidekazu TANAKA,Japan
Hiroshi TANAKA,Japan
Soichi TOGASHI,Japan
Yoko TOMABECHI,Japan
Nozomi TOMITA,Japan
Keiichi TOMOMATSU,Japan
Naofumi TORII,Japan
Mutsimi TSUBOI,Japan
Yoshiyuki TSUDA,Japan
Yumi TSUKIYAMA,Japan
Nagisa TSURUTA,Japan
Soshi TSURUTA,Japan
Itaru TSUTAI,Japan
Kenji TSUUCHI,Japan
Nakako TSUZUKI,Japan
Maiko TUTUI,Japan
Chiiho UCHIDA,Japan
Ayaka UDAGAWA,Japan
Shizuko UGAKI,Japan
Akino UMEBAYASHI,Japan
Hideo UMETANI,Japan
Yuki UMETANI,Japan
Atsushi USUDA,Japan
Nobuo WAKITA,Japan
Kazuko YAMADA,Japan
Tomiko YAMADA,Japan
Makiko YAMAGUCHI,Japan
Mamiko YAMAI,Japan
Yasushi YAMAKAMI,Japan
Masumi YAMAKAWA,Japan
Kaneo YAMAMOTO,Japan
Sakae YAMAMOTO,Japan
Shiho YAMAMOTO,Japan
Yutaka YAMANO,Japan
Chikako YAMASHITA,Japan
Tohru YAMASHITA,Japan
Tomoko YAMAUCHI,Japan
Yoko YAMAUCHI,Japan
Mie YAMAZAKI,Japan
Noritoshi YASUDA,Japan
Sayaka YODO,Japan
Lumina YOSHIDA,Japan
Masahiko YOSHIDA,Japan
Norio YOSHIDA,Japan
Rumina YOSHIDA,Japan
Toshihiko YOSHIKAWA,Japan
Maaya YOSHIMI,Japan
Aya YOSHIMURA,Japan
Nobuhiko YOSHIOKA,Japan
Akira YOSHIZAWA,Japan
Kyoko YUASA,Japan
Aleksandra BELOUSOVA,Kazakhstan
Yuri GUSKOV,Kazakhstan
Aigul KUANISHEVA,Kazakhstan
Paretskaya NADEZHDA,Kazakhstan
Nadezhda PARETSKAIA,Kazakhstan
Regina SHAMSHILOVA,Kazakhstan
Na Young AHN,South Korea
So-Young AHN,South Korea
Sung-Jin BYUN,South Korea
Jung Yoon CHOI,South Korea
Jungyoon CHOI,South Korea
Jae-Eun CHUNG,South Korea
Ji Young HAN,South Korea
Young Kyung HAN,South Korea
Hea-Kyung KIM,South Korea
Min Ah KIM,South Korea
Sung-Hee KOH,South Korea
Eun-Hee LEE,South Korea
In-Sook LEE,South Korea
Jung-Sue LEE,South Korea
Soo Kyung LEE,South Korea
Tae Ri LEE,South Korea
Yoon Kyung LEE,South Korea
You-Hwa LEE,South Korea
Hea-Kyung LIM,South Korea
Hye-Kyung LIM,South Korea
Chihee RHEE,South Korea
Kyung-Won SAKONG,South Korea
Tae-Hwa YANG,South Korea
Agita ABELE,Latvia
Anna BELEVICA,Latvia
Andrejs BROVENKO,Latvia
Anna DUBOVA,Latvia
Dana GERASIMOVA,Latvia
Natalja KALNINA,Latvia
Ira KOMARNICKA,Latvia
Irina KOMARNICKA,Latvia
Konstantin KOSTIN,Latvia
Aljona KOVALJOVA,Latvia
Jelena KOVALJOVA,Latvia
Samanta KOVALKOVA,Latvia
Roberts KRUTKRAMELIS,Latvia
Angelina KUCVALSKA,Latvia
Alma LACE,Latvia
Anda MEDNE,Latvia
Natalja MISKOVSKA,Latvia
Lina OZOLINA,Latvia
Brigita PECJUKEVICA,Latvia
Irina RADIONOVA,Latvia
Anna RAGE,Latvia
Elina RANCANE,Latvia
Raimo REINSALU,Latvia
Sanita RUBENE,Latvia
Uldis SAUERS,Latvia
Andrejs SITIKS,Latvia
Rezija STEPKA,Latvia
Tatjana STRAUTMANE,Latvia
Arina VOLCHOKA,Latvia
Rudolf ZABOLOCKIS,Latvia
Natalja ZMUCKA,Latvia
Saulius AMBRULEVICIUS,Lithuania
Zivile ATKOCIUNIENE,Lithuania
Ilona BIRGELAITE,Lithuania
Katryna BIRGELAITE,Lithuania
Zivile BUTKEVICIUTE,Lithuania
Danguole KALAZINSKIENE,Lithuania
Marius KANOPA,Lithuania
Tomas KATUKEVICIUS,Lithuania
Egle KLIUCAKIENE,Lithuania
Laimute KRAUZIENE,Lithuania
Julija KRAVCENKO,Lithuania
Elzbieta KROPA,Lithuania
Beatrice MEILUNAITE,Lithuania
Zivile MOCKUVIENE,Lithuania
Indre PAULAITIENE,Lithuania
Dovile PERVAZAITE,Lithuania
Agne POSKEVICIUTE,Lithuania
Aida RYBALKO,Lithuania
Diana RYBALKO,Lithuania
Ingrida SNIESKIENE,Lithuania
Dovile TVARIJONE,Lithuania
Ingrida ZENKEVICIUTE,Lithuania
Gintare ZIBORTAITE,Lithuania
Jogaile ZILIONYTE,Lithuania
David ZOGRABIAN,Lithuania
Jerry HILGERT,Luxembourg
Jennifer CAMPTON,Malaysia
Anja CHONG,Malaysia
Ismail Surayu DAKSHINI,Malaysia
Dian Ma HUSSIN,Malaysia
Surayu Dakshini Binti ISMAIL,Malaysia
Jennifer LOW,Malaysia
Annie TAN,Malaysia
Ryan YEE,Malaysia
Ana Luisa AGUILAR GAMERO,Mexico
Nancy GARCIA,Mexico
Sasha MARTINEZ-DORATTI,Mexico
Sasha MARTINEZ MENDOZA,Mexico
Ariadna MORONES NEGRETE,Mexico
Ricardo OLAVARRIETA,Mexico
Nilda Nancy Garci  VILLARREAL,Mexico
Ashgai DELGERMAA,Mongolia
Albert SAADI,Monaco
Ingrid AALDERS,Netherlands
Ernestien BAKKER,Netherlands
Sylvia BART,Netherlands
Evelien van den BERG,Netherlands
Aart BLOK,Netherlands
Annette BOEREN,Netherlands
Annette BOEREN-MAAS,Netherlands
Mireille van BOGGET,Netherlands
Biryanta BOL,Netherlands
Greonne BOL,Netherlands
Nelum BOOM,Netherlands
Anna BRAND,Netherlands
Karin van der BRUGGEN,Netherlands
Michelle DALEWEIJ,Netherlands
Lia DOES,Netherlands
Mary DOTSCH,Netherlands
Ilja FREDRIKS,Netherlands
Nicole VAN GERWEN-MAAS,Netherlands
Christian GIJTENBEEK,Netherlands
Maria Louise GIJTENBEEK,Netherlands
Xander GIJTENBEEK,Netherlands
Lenne van GORP,Netherlands
Gré GROOT,Netherlands
Anna HARBERS,Netherlands
Thomas HOPMAN,Netherlands
Aïda HORDIJK,Netherlands
Lia HUISMAN,Netherlands
Nathalia HUIZENGA,Netherlands
Karin JANSSENS,Netherlands
Daniëlla KARSIJNS,Netherlands
Daniela KARSJINS,Netherlands
Marion KRIJGSMAN,Netherlands
Kathy LAMPROU,Netherlands
Haya LEENARDS,Netherlands
Angelique LEW,Netherlands
Larissa van der LINDEN,Netherlands
Nicole MAAS,Netherlands
Nathalie MIEREMET,Netherlands
Vesna MILADINOVIC,Netherlands
Linda MORACA,Netherlands
Nathalie OOGJEN,Netherlands
Hermi OTTEMANN,Netherlands
Margo PAUW,Netherlands
Egberdina POSNO,Netherlands
Tineke POSNO,Netherlands
Marjolein POVER-SMIT,Netherlands
Jeroen PRINS,Netherlands
Dominique SCHOUTEN,Netherlands
Marit SILVIUS,Netherlands
Naomi SNEL,Netherlands
Paul STOKKER,Netherlands
Ashley Foy TERVOORT,Netherlands
Willy VAN VEEN,Netherlands
Merylin VEKEMANS-VAN DUPPEN,Netherlands
Sandra VERBEEK,Netherlands
Marjolein WIEBERDINK-KREMER,Netherlands
Danique WOERTINK,Netherlands
Larissa van der ZEEUW,Netherlands
Berit AARNES,Norway
Marianne AARNES,Norway
Mona ADOLFSEN,Norway
Ellen-Merete AMBLE,Norway
Elin Marie ANSNES,Norway
Isa DEVERILL,Norway
Jeanette ELLINGSTAD,Norway
Madeleine ERIKSEN,Norway
Hanna Kai Barstad GOLBERG,Norway
Sara Størksen GRØVAN,Norway
Anna Emilie HAGEN,Norway
Ann-Helen HAMMER,Norway
Kaja HANEVOLD,Norway
Cathrine HESTENES,Norway
Maria Tran HILLESTAD,Norway
Christine ISAKSEN,Norway
Hege Røsto JENSEN,Norway
Lise Røsto JENSEN,Norway
Line KALDESTAD,Norway
Eilen Ørmen KRISTIANSEN,Norway
Christiane Thøgersen KROGFOSS,Norway
Marit KVINDESLAND,Norway
Kathrine LARSEN,Norway
Barbara Wasson LILLEHAUG,Norway
Karen Kollen LØLAND,Norway
Ruth Charlotte Wessel LUDEÑA,Norway
Jeffrey LUKASIK,Norway
Martha MELLUM-ROBERTSON,Norway
Anne MOELL,Norway
Vibeke MORKEN,Norway
Hege MOSSIGE,Norway
Sara NILSEN,Norway
Stine NERVIK NILSEN,Norway
Stine OLASTUEN,Norway
Kari-Anne OLSEN,Norway
Yvonne OLSTAD,Norway
Tiril Waage OMHOLT,Norway
Una Helene ØSTBERG,Norway
Sara PERL,Norway
Maja QVORTRUP,Norway
Jemima RASMUSS,Norway
Espen Røtterud RUNÅS,Norway
Marja SALONEN,Norway
Anita SELMER,Norway
Marte SJAASTAD,Norway
Jeanette SKARSTEIN,Norway
Anna SOLBERG,Norway
Liam SOLBJERG,Norway
Linn STENBERG,Norway
Kari-Anne STRANDMANN,Norway
Siri Emilie STRANDMANN,Norway
Madeleine Lidholm TORGERSEN,Norway
Victoria TVEDT,Norway
Gunn Karin VIKAN,Norway
Cathrine WESSEL,Norway
Ellen YU,Norway
Mike ALDRED,New Zealand
Rosie ARMSTRONG,New Zealand
Aslihan AYDIN,New Zealand
Ebru AYDIN,New Zealand
Rachel BARKER,New Zealand
Grace BATEMAN,New Zealand
Nicola BEBELMAN,New Zealand
Jeanne BEGEJ,New Zealand
Hayley BESWICK,New Zealand
Rosanna BLONG,New Zealand
Melissa BOOTH,New Zealand
Jill BORLAND,New Zealand
Vanessa BREEN,New Zealand
Tiffany BRUMBY,New Zealand
Carolyn CAMERON,New Zealand
Ann CAMPBELL,New Zealand
Jan CHRISTIESON,New Zealand
Michelle CLARKE,New Zealand
Wendy CLUCAS,New Zealand
David CORING,New Zealand
Kirsty COX,New Zealand
Melissa CUMMINGS,New Zealand
Dion CUNNINGHAM,New Zealand
Suzanne CUNNINGHAM,New Zealand
Josie DAWBER,New Zealand
Jeff EICHMANN,New Zealand
Rachel FISHER,New Zealand
Kim GORMACK,New Zealand
Caitlin HAYNES,New Zealand
Michael HOLTZ,New Zealand
Nicki HOLTZ,New Zealand
Grant HOWIE,New Zealand
Kanako JOHNSON,New Zealand
Rachel K,New Zealand
Junko KIMURA,New Zealand
Nick KOKAY,New Zealand
Kim LEWIS,New Zealand
Barbara LINDSAY-TAYLOR,New Zealand
Heather MCDONALD,New Zealand
Connor MCIVER,New Zealand
Brylie MENG,New Zealand
Carolyn MORGAN,New Zealand
Melissa MORRIS,New Zealand
Victoria MORRIS,New Zealand
Caitlyn PAUL,New Zealand
Susan PETRICEVIC,New Zealand
Deanna PIELAK-JONES,New Zealand
Kevin POIT,New Zealand
Nicole RABBIDGE,New Zealand
Sage ROBINSON,New Zealand
Allie ROUT,New Zealand
Maryanne RUSHTON,New Zealand
Michelle RUSSELL,New Zealand
Imelda SHEERIN,New Zealand
Liz SPEDEN,New Zealand
Shane SPEDEN,New Zealand
Kendra STREET,New Zealand
Helen SUTHERLAND,New Zealand
Simon THODE,New Zealand
Laura THOMPSON,New Zealand
Liudmila TIMOFEEVA,New Zealand
Emmanuel TSANG,New Zealand
Marina TSEVINA,New Zealand
Aslihan VERRAN,New Zealand
Michaela VOIGT,New Zealand
Michelle WHELAN,New Zealand
Kendra WILKIE,New Zealand
Sandra WILLIAMSON-LEADLEY,New Zealand
Mathieu WILSON,New Zealand
Irena ZEMANOVA,New Zealand
Jorge ORMAECHE,Peru
Agata BLACHUT-STOCZEK,Poland
Joanna BUDNER-SZUMAN,Poland
Pawel CISOWSKI,Poland
Marcin CZAJKA,Poland
Joanna DAROS-PAWLYTA,Poland
Agnieszka DOMANSKA,Poland
Przemyslaw DOMANSKI,Poland
Andrzej DOSTATNI,Poland
Danuta DUBROWKO,Poland
Anna FIRYCH-NOWACKA,Poland
Miroslaw GABRYS,Poland
Marta GLUCHOWSKA,Poland
Malwina GNIOT,Poland
Halina GORDON-PÓŁTORAK,Poland
Malgorzata GRAJCAR-CIESLAK,Poland
Jacek GRZEGRZOLKA,Poland
Aniela HEBEL-SZMAK,Poland
Iwona JAKUBIK,Poland
Joanna JANNASZ,Poland
Andrzej JOZEFOWICZ,Poland
Malgorzata KACPEREK,Poland
Ryszard KIEWREL,Poland
Nataliya KOPACH,Poland
Svetlana KOROBKOVA,Poland
Luiza KOWALCZYK,Poland
Marcin KOZUBEK,Poland
Anna KRITSKAYA,Poland
Vasyl KRYTSKI,Poland
Magdalena KUTELA,Poland
Ewa LACHOWICZ,Poland
Marcelina LECH,Poland
Rozalia MALINA,Poland
Maria MILLER,Poland
Paulina MOSCICKA,Poland
Jan MOSCICKI,Poland
Justyna MYGA,Poland
Piotr NOWAK,Poland
Sylwia NOWAK-TREBACKA,Poland
Katarzyna OLESINSKA,Poland
Maria OLESINSKA,Poland
Olga PALASZ,Poland
Bartosz PALUCHOWSKI,Poland
Agnieszka PASZULEWICZ,Poland
Kamil PETEJA,Poland
Robert PIETRZYNSKI,Poland
Magdalena RUSIECKA,Poland
Angelika RZECZKOWSKA-DRAB,Poland
Viktoriya SACHKOVA,Poland
Ilona SENDEREK-WOJCIK,Poland
Magdalena SEREDYNSKA,Poland
Agnieszka SIEROCKA,Poland
Anna SIEROCKA,Poland
Dorota SIUDEK,Poland
Mariusz SIUDEK,Poland
Alicja SMAGA,Poland
Malgorzata SOBKOW,Poland
Agata SROKOWSKA,Poland
Agata STOCZEK,Poland
Agnieszka SWIDERSKA,Poland
Marek SZASZOR,Poland
Katarzyna SZAWAREJKO,Poland
Joanna SZCZERBA,Poland
Olga SZELC,Poland
Malwina SZPITALAK,Poland
Sarkis TEWANIAN,Poland
Hanna THEN,Poland
Paulina TURKOWSKA,Poland
Katarzyna WALCZAK,Poland
Agata WASILEWSKA,Poland
Jan WIKLACZ,Poland
Marta WISNIEWSKA,Poland
Katarzyna ZAKOWSKA,Poland
Hye Yong YUN,North Korea
Nicolae BELLU,Romania
Marina BESCHEA,Romania
Diana Cristina BODI,Romania
Florin GAFENCU,Romania
Tunde GAL,Romania
Cornel GHEORGHE,Romania
Andrea GMELIN,Romania
Anca IONESCU,Romania
Eva KEDVES,Romania
Oana LEMKOESTHER,Romania
Gréty MARTON,Romania
Diana MATEI,Romania
Adriana ORDEANU,Romania
Adela OSMAN,Romania
Diana SAVASTRE,Romania
Mária SIMON,Romania
Andreea URECHE,Romania
Ryan ALCOCK,South Africa
Megan ALLELY-PAINCZYK,South Africa
Helga BALK-PINTO,South Africa
Nathan BASHKIER,South Africa
Kathryn BATES,South Africa
Alicia BENADE,South Africa
Siobhan BEUSCHEL,South Africa
Irina BOGOMOLOVA,South Africa
Alicia BOSHOFF,South Africa
Jacci BRITS,South Africa
Dantin BROODRYK,South Africa
Alison COCHRANE,South Africa
Enzo D'AGUANNO,South Africa
Barbara DANIEL,South Africa
Laurent DEPOUILLY,South Africa
Florika DEVINE,South Africa
Tracy DOWNEY,South Africa
Tracy DOWNY-BURLISON,South Africa
Etienne DREYER,South Africa
Gareth ECHARDT,South Africa
Vage EVETTS,South Africa
Dean FOX,South Africa
Neil GARRARD,South Africa
Nadia GELDENHUYS,South Africa
Yolande GIERING,South Africa
Jennifer GLATTER,South Africa
Lauren GOLDEN,South Africa
Candice GRIBBEN,South Africa
Jennifer GRIFFITHS,South Africa
Jenny GRIFFITHS,South Africa
Kevin HARRIS,South Africa
Barbara HAWKES,South Africa
Barbie HAWKES,South Africa
Lejeanne HENNESSY,South Africa
Oula JAASKELAINEN,South Africa
Ricardo JACOBS,South Africa
Samantha JONAS,South Africa
Barbara de KOCK,South Africa
Claire MANCINI,South Africa
Susan MARAIS,South Africa
Vicky NTONI,South Africa
Megan PAINCZYK,South Africa
Kristy du PLESSIS,South Africa
Dino QUATTROCECERE,South Africa
Fiona Margaret RIVETT,South Africa
Lynette SCAFTURIS,South Africa
Bhivek SINGH,South Africa
Brenda SMITH,South Africa
Lynn SMITH,South Africa
Nadia SNYMAN,South Africa
Daniela SOLINAS-TRUEMPER,South Africa
Courtney STEYN,South Africa
Lisa STIGANT,South Africa
Chris STOKES,South Africa
Maira ABASOVA,Russia
Tatyana ALEKSANDROVA,Russia
Olga ALEXEEVA,Russia
Darya ALKHAMOVA,Russia
Julia ANDREEVA,Russia
Marina AVSTRIYSKAYA,Russia
Sviatoslav BABENKO,Russia
Daria BARANOVA,Russia
Evgeni BEZMENOV,Russia
Igor BICH,Russia
Natalia BOGUSH,Russia
Vera BOGUSH,Russia
Maxim BOLOTIN,Russia
Maria BOROVIKOVA,Russia
Elena BURIAK,Russia
Alena CHAADAEVA,Russia
Sergei CHEMODANOV,Russia
Pavel CHERNOUSOV,Russia
Marina CHISTOVSKAIA,Russia
Veronika DAINEKO,Russia
Tatiana DANILENKO,Russia
Andrey DENISOV,Russia
Igor DOLGUSHIN,Russia
Petr DURNEV,Russia
Alexei DVOINIKOV,Russia
Polina DYO,Russia
Andrei EFREMOV,Russia
Tatiana FEDOROVA,Russia
Larisa FEDOSEEVA,Russia
Elena FOMINA,Russia
Danil GALIMOV,Russia
Alexei GLAVATSKIH,Russia
Vladislava GLAZKOVA,Russia
Vsevolod GOLMAN,Russia
Anastasia GORBACHEVA,Russia
Alexandr GORSHKOV,Russia
Maria GRIBONOSOVA,Russia
Mariya GRISHAKOVA,Russia
Petr GRUSHMAN,Russia
Galina ISTOMINA,Russia
Polina JACOBS,Russia
Oksana KALUGINA,Russia
Svetlana KANDIBA,Russia
Janina KARLINSKAJA,Russia
Olga KARTASHOVA,Russia
Mikhail KAZAKOV,Russia
Larisa KAZANINA,Russia
Maria KAZARINA,Russia
Olga KHARCHEVA,Russia
Elena KHMYZENKO,Russia
Olga KHUDOBA,Russia
Peter KIPRUSHEV,Russia
Natalia KITAEVA,Russia
Sofia KITASHEVA,Russia
Tatiana KLENINA,Russia
Alexander KOGAN,Russia
Soltan KOKOEV,Russia
Konstantin KOKORA,Russia
Alexandra KORCHAGINA,Russia
Aleksandra KORTSAGINA,Russia
Olga KOZHEMYAKINA,Russia
Liudmila KRYZHANOVSKAIA,Russia
Konstantin KUCHIN,Russia
Alexander KUZNETSOV,Russia
Lolita LABUNSKAYA,Russia
Alexander LAKERNIK,Russia
Julia LARINA,Russia
Vera LATKINA,Russia
Natalia LEBEDEVA,Russia
Elena LEVKOVETS,Russia
Ivan LOBANOV,Russia
Svetlana LYAPINA,Russia
Daria MALEEVA,Russia
Vladimir MAMAEV,Russia
Olga MARKOVA,Russia
Alla MASHKEVICH,Russia
Inessa MATVEEVA,Russia
Ekaterina MELESHKINA,Russia
Svetlana MIKHAILOVA,Russia
Aleksandr MINEEV,Russia
Ludmila MINEEVA,Russia
Antonina MOLCHANOVA,Russia
Asya MORGUNENKO,Russia
Elena MUFTIEVA,Russia
Dmitriy NAUMKIN,Russia
Igor OBRAZTSOV,Russia
Tatyana PAVLOVETS,Russia
Anna POLIKARPOVA,Russia
Sergei PONOMARENKO,Russia
Maria POSKACHEI,Russia
Olga POYARKOVA,Russia
Natalia PRIMACHENKO,Russia
Anna PRONINA,Russia
Boris ROGATSKIN,Russia
Anna ROMANOVA,Russia
Sergei ROMASHKIN,Russia
Sergey ROSLYAKOV,Russia
Ekaterina RUBLEVA,Russia
Aleksandr RUSINOV,Russia
Julia RUSINOVA,Russia
Denis SAMOKHIN,Russia
Marina SANAYA,Russia
Anna SEDELKOVA,Russia
Elvira SEREBRYAKOVA,Russia
Mikhail SERGEYEV,Russia
Tatiana SHARKINA,Russia
Anton SHAROV,Russia
Larisa SHAROVA,Russia
Alla SHEKHOVTSEVA,Russia
Anastasiia SHIRYAEVA,Russia
Elizaveta SHURKALOVA,Russia
Leonid SMIRNOV,Russia
Julia SOLOVYOVA,Russia
Alexei SOUTCHKOV,Russia
Marina SOUTCHKOVA,Russia
Liudmila SVIREPA,Russia
Pavel TATARENKO,Russia
Elena TITOVA,Russia
Regina TRUSOVA,Russia
Anna TSAREVA,Russia
Marina TSYGANKOVA,Russia
Angelina TURENKO,Russia
Alexei URMANOV,Russia
Elena USHAKOVA,Russia
Lyudmila VOLKOVA,Russia
Ivan VOLOBUEV,Russia
Elina WAGNER,Russia
Vera YARMOLENKO,Russia
Svetlana YERSHOVA,Russia
Vladimir ZAKHAROV,Russia
Natasa DANON,Serbia-Montenegro
Joe ANG,Singapore
Sherri FERGUS,Singapore
Leonard SHEAH,Singapore
Mo ZHANG,Singapore
Anja Dimic ANDLOVIC,Slovenia
Lana ARH,Slovenia
Mateja AVBREHT,Slovenia
Mojca BREZAR,Slovenia
Liza BRILEJ,Slovenia
Jan CEJVAN,Slovenia
Melita CELESNIK,Slovenia
Darja GABROVSEK-POLAJNAR,Slovenia
Matej GREGORC,Slovenia
Lara HROVAT,Slovenia
Luna HRUSOVAR,Slovenia
Klara JAGODIC,Slovenia
Mojca KANALEC,Slovenia
Matjaz KRUSEC,Slovenia
Ursa KRUSEC,Slovenia
Anja BRATEC LESJAK,Slovenia
Breda MARINSEK,Slovenia
Klara MILETIC,Slovenia
Chiara MORDEJ,Slovenia
Nika NOVAK,Slovenia
Pia OMOVSEK,Slovenia
Alja PAHOR,Slovenia
Mateja PECAR,Slovenia
Irina PETERNEL,Slovenia
Polona PEUNIK,Slovenia
Neza PEZDIRC,Slovenia
Jozica PODBEVSEK,Slovenia
Nina POLSAK,Slovenia
Nina PUSNIK,Slovenia
Alenka Zidar SAMBOLEC,Slovenia
Mojca SCHLAMBERGER,Slovenia
Sara Klementina SEDEJ,Slovenia
Teri SEDEJ,Slovenia
Doroteja SIMUNIC,Slovenia
Tina SVAJGER SIVEC,Slovenia
Natasa SKOK,Slovenia
Nea SMOLEJ,Slovenia
Metka UMEK,Slovenia
Vasilisa BLAGOTIC,Serbia
Zlata Protic CIRIC,Serbia
Krunoslava CUMIC,Serbia
Slobodan DELIC,Serbia
Natasa DJOKOVIC,Serbia
Petra JASIC,Serbia
Ksenija JASTSENJSKI-SIMIC,Serbia
Sasa KARAKLAJIC,Serbia
Milica LJUJIC,Serbia
Jovana MICOVIC,Serbia
Darja MIJATOVIC,Serbia
Milica MILANOVIC,Serbia
Katarina GROF MITROVIC,Serbia
Jovana NIKOLIC,Serbia
Ivana PETROVIC,Serbia
Ljubov PETROVIC,Serbia
Mirjana POPOVIC,Serbia
Neda RAKOVIC,Serbia
Sára SEITZ,Serbia
Jana STANISAVLJEVIC,Serbia
Milica STANKOVIC,Serbia
Natasa STANKOVIC,Serbia
Vojislava VASOVIC,Serbia
Ivana ZIVKOVIC,Serbia
Mila ZVICER,Serbia
Sarah AEPLI,Switzerland
Yasmina BARKI,Switzerland
Johanna BÄRTSCH,Switzerland
Anita BERNASCONI,Switzerland
Prisca BINZ-MOSER,Switzerland
Linda BISCHOFF,Switzerland
Nina BISCHOFF,Switzerland
Christine BLANC,Switzerland
Valérie BLANC,Switzerland
Sophie BLÖSCH,Switzerland
Jussara BÖHME-BALMER,Switzerland
Delphine BOHREN,Switzerland
Christel BORGHI,Switzerland
Patrik BRECHT,Switzerland
Liliane BRÈDE-CROSA,Switzerland
Katharina BRUNNER,Switzerland
Michèle BRUNNER-BAUMGARTNER,Switzerland
Andrea BRYNER,Switzerland
Anna-Barbara CAFLISCH,Switzerland
Estelle CAPPI,Switzerland
Brigitte CATTIN,Switzerland
Valentina CELSO,Switzerland
Marc CESARI,Switzerland
Livia CHAVAILLAZ,Switzerland
Gheorghe CHIPER,Switzerland
Sabrina CHOFFAT,Switzerland
Dorine CLÉMENT,Switzerland
Cindy CLER,Switzerland
Camille COCHET,Switzerland
Caroline CRIBLET,Switzerland
Isabella MARIOTTA CRIVELLI,Switzerland
Edith DADÒ,Switzerland
Regula DEFLORIN,Switzerland
Brigitte ERB-GREUTER,Switzerland
Claudia FASSORA,Switzerland
Elisa FATTORINI,Switzerland
Raffaella FILLIEZ,Switzerland
Daniel FÜRER,Switzerland
Jolanda GABELLA,Switzerland
Sandor GALAMBOS,Switzerland
Lisa GAROBBIO,Switzerland
Markus GERMANN,Switzerland
Francesca Casellini GHIRINGHELLI,Switzerland
Francesca GIANINI,Switzerland
Yves GILMAN,Switzerland
Patrick GOMEZ,Switzerland
Denise GALLANDAT-DI GRAZIA,Switzerland
Rachel GRÜTTER,Switzerland
Dennis HARTWIG,Switzerland
Rita HEIM,Switzerland
Nicole HENSCH,Switzerland
Graziella HORT,Switzerland
Michael HUG,Switzerland
Marianne HUGUENIN,Switzerland
Daniel INÄBNIT,Switzerland
Yvonne JAKOB,Switzerland
Barbara KESSLER,Switzerland
Tanja KNOBEL,Switzerland
Roswitha KRESSIG,Switzerland
Georg KRUMMENACHER,Switzerland
Olga KUDRYAVTSEVA,Switzerland
Pascal KÜFFER,Switzerland
Anna-Barbara KULL,Switzerland
Silvia LEHNER,Switzerland
Donatella LEONELLI,Switzerland
Richard LEROY,Switzerland
Miriam LEVIN,Switzerland
Diana Barbacci LÉVY,Switzerland
Pierre-Daniel LIAUDAT,Switzerland
Suzanne LIAUDAT,Switzerland
Miriam LORIOL,Switzerland
Myriam LORIOL-OBERWILER,Switzerland
Jenny LUGINBÜHL,Switzerland
Christina LÜSSI,Switzerland
Hans-Ulrich LÜTHI,Switzerland
Roland MÄDER,Switzerland
Sabrina MARTIN,Switzerland
Christine MEBES,Switzerland
Pia MEGERT,Switzerland
Bettina MEIER,Switzerland
Brigitte MEIER,Switzerland
Claudia MEIER,Switzerland
Jörg MEYER,Switzerland
Caroline MILES,Switzerland
Christiane MILES,Switzerland
Eric MIOTTON,Switzerland
Keyan MOINE,Switzerland
Zoé MONNAT,Switzerland
Roberto MOSCHELLA,Switzerland
Peter MOSER,Switzerland
Christoph NOELPP,Switzerland
Nathalie NÜNLIST,Switzerland
Jana PAICE,Switzerland
Françoise PENSEYRES,Switzerland
Sabrina PERRIN,Switzerland
Beatrice PFISTER,Switzerland
Danièle Dubuis PILLOUD,Switzerland
Cornelia RAST,Switzerland
Aline ROULET,Switzerland
Michael SCHALLHART,Switzerland
Ruth SCHAUB,Switzerland
Ludmila SCHINDELHOLZ,Switzerland
Rahel SCHMID-GOTTSCHALL,Switzerland
Monika SCHNEIDER,Switzerland
Nicole SIEGENTHALER,Switzerland
Petra Alexandra Cavelti SOMMER,Switzerland
Erica SONDEREGGER,Switzerland
Prisca STOCKER,Switzerland
Wolfgang STUMMER,Switzerland
Doris STURZENEGGER,Switzerland
Clémence TERREAUX,Switzerland
Pierrette THALMANN,Switzerland
Rita TOGNALI,Switzerland
Linda VAN TROYEN,Switzerland
Pierre Alain VARISCO,Switzerland
Donatella VAUCHER,Switzerland
Catia VEDOVELLI,Switzerland
Kamila VOKOUN-HAJKOVA,Switzerland
Leila EL WAKIL,Switzerland
Alice WALDER,Switzerland
Lillianne WALDISPÜHL,Switzerland
Roland WEHINGER,Switzerland
Claudia WEILER,Switzerland
Nadine WIDMER,Switzerland
Tatjana WIDMER,Switzerland
Yvonne WINKLER,Switzerland
Andrea Monika WYSS,Switzerland
Esther WYSS,Switzerland
Eva BABICOVA,Slovakia
Felicitas BABUSIKOVA,Slovakia
Svetlana BALINTOVA,Slovakia
Hana BASOVA,Slovakia
Ivana BEBKOVA,Slovakia
Karolina BELANCOVA,Slovakia
Lucia BENEDIKOVA,Slovakia
Iveta BENZOVA,Slovakia
Jozef BESTANDIG,Slovakia
Ivana BLAHUNKOVA,Slovakia
Ivana BLAZOVA,Slovakia
Allan BÖHM,Slovakia
Lenka BOHUNICKA,Slovakia
Júlia CEKOVSKÁ,Slovakia
Vladimir CUCHRAN,Slovakia
Adriana DOMANSKA,Slovakia
Zuzana DRNZIKOVA,Slovakia
Zuzanna DRZNIKOVA,Slovakia
Ingrid DZURJOVA,Slovakia
Eva Ester FERJOVA,Slovakia
Hedviga FIALKOVA,Slovakia
Katarina GABORIKOVA,Slovakia
Rudolf GLUCH,Slovakia
Dagmar GOMBARCIKOVA,Slovakia
Slavka GRINCOVA,Slovakia
Tana HIKOVA,Slovakia
Tatiana HIKOVA,Slovakia
Zuzana HOROSCAKOVA,Slovakia
Maria HRACHOVCOVA,Slovakia
Iveta HRNEKOVA,Slovakia
Katarina IHNATISINOVA,Slovakia
Ivan JAKUBOVIC,Slovakia
Nikodem KADLEČEK,Slovakia
Tomas KIKA,Slovakia
Gabriela KNAPOVA,Slovakia
Ludmila KOMAROVA,Slovakia
Marta KOVACIKOVA,Slovakia
Alexandra KUNOVA,Slovakia
Tomas KUNYA,Slovakia
Terezia KURIMSKA,Slovakia
Michaela LALINSKA,Slovakia
Yan LUKOVSKII,Slovakia
Hana MARCEKOVA,Slovakia
Kvetoslava MATEJOVA,Slovakia
Elena MICHALKOVA,Slovakia
Patricia MISCIKOVA,Slovakia
Dana MITICKA,Slovakia
Monika MJARTAN-KUSTAROVA,Slovakia
Petra NETRYOVA,Slovakia
Jana OMELINOVA,Slovakia
Lucia POLACKOVA,Slovakia
Alexandra POLAKOVA,Slovakia
Igor PROKOP,Slovakia
Diana RISKOVÁ,Slovakia
Dianka RUDY,Slovakia
Karol SCHLESINGER,Slovakia
Jana SCHMIDOVA,Slovakia
Andrea SIMANCIKOVA,Slovakia
Ingrid SKRKONOVA,Slovakia
Daniela SMETANKOVA,Slovakia
Bibiana SRBECKA,Slovakia
Michaela SRSNOVA,Slovakia
Wanda STANKOVIANSKA,Slovakia
Lucia STAROVICOVA,Slovakia
Jana TUZINSKA,Slovakia
Marina UNGEROVA,Slovakia
Beata VALACHOVA,Slovakia
Jana VANONOVA,Slovakia
Jana VANOVA,Slovakia
Rastislav VNUCKO,Slovakia
Zuzana ZACKOVA,Slovakia
Helena ZAMBORSKA,Slovakia
Linda ZAMBORSKA,Slovakia
Sara AGNAFORS,Sweden
Matilda ALGOTSSON,Sweden
Caroline ANDERSSON,Sweden
Emma ANDERSSON,Sweden
Gun ANDERSSON,Sweden
Inger ANDERSSON,Sweden
Linda ANGELSIÖÖ,Sweden
Nora ASK,Sweden
Tova ASK,Sweden
Kristina ATTERNÄS,Sweden
Amanda AZZOPARDI,Sweden
Erika BACKLUND,Sweden
Fia BACKLUND,Sweden
Clara BENGTSSON,Sweden
Linda BERGFELDT,Sweden
Sara BERNMARK,Sweden
Catharina BEXANDER,Sweden
Emilie BILLOW,Sweden
Rebecca BITTO,Sweden
Erika BLOM,Sweden
Kristina BLOM,Sweden
Sofia BORG,Sweden
Anna BURWALL,Sweden
Hanna CHRISTENSEN,Sweden
Mikaela DAHLLÖF,Sweden
Laila DAVIDSSON,Sweden
Hanna DROTTZ,Sweden
Johanna EKHAGEN,Sweden
Sabina ERHARDSSON,Sweden
Emilie FAGERLIND,Sweden
Ella FALK,Sweden
Cecilia FALKENBÄCK,Sweden
Cecilia FLORIN,Sweden
Lovisa FRANK,Sweden
Camilla FREDMAN,Sweden
Johanna FRÖJD,Sweden
Mia FRYKHOLM,Sweden
Rebecca GARTZ,Sweden
Jennifer GENCEL,Sweden
Fredrik GRANQVIST,Sweden
Paula GRÖNLUND,Sweden
Amanda GUSTAFSSON,Sweden
Christina HALMI,Sweden
Hulda Líf HARÐARDÓTTIR,Sweden
Harald HEINEMANN,Sweden
Jeanette GRUNDSTRÖM HEINIÖ,Sweden
Katarina HENRIKSSON,Sweden
Maria HILMERSSON,Sweden
Matilda HOFMILLER,Sweden
Kina HOLM,Sweden
Monika HOLMBERG,Sweden
Jenni HONKILA,Sweden
Anna HÖRNLUND,Sweden
Christine HOUWING,Sweden
Kristina HOUWING,Sweden
Charlotte ISBERG,Sweden
Anna JANSSON,Sweden
Silvija JENDERHAG,Sweden
Tove JENGWALL,Sweden
Amanda JOHANSSON,Sweden
Johanna JOHANSSON,Sweden
Marie JOHANSSON,Sweden
Olivia JOHANSSON,Sweden
Mona JONSSON,Sweden
Margareth JORVID,Sweden
Annika KARLSEN,Sweden
Carina KELLY,Sweden
Jenö KISCH,Sweden
Ulrika KJELLBERG,Sweden
Sandra KOHKOINEN,Sweden
Carolina KOSKINEN,Sweden
Teija KOSKINEN,Sweden
Vera KUMPULAINEN,Sweden
Ester LANDIN,Sweden
Linda LANDSTRÖM,Sweden
Martina LASOME,Sweden
Carina LASSINANTTI,Sweden
Marie LASSINANTTI,Sweden
Adelia LEITE,Sweden
Peter LEVIN,Sweden
Lieve LINDBERG,Sweden
Duran O´HARA LINDBLOM,Sweden
Mireille LINDEMAN,Sweden
Louise LINDKVIST,Sweden
Rebecka LUDVIGSSON,Sweden
Madeleine SALENIUS LUNDBERG,Sweden
Michèle LUNDBERG,Sweden
Åsa LUNDBLAD-BÄCKMAN,Sweden
Karolina MATESA,Sweden
Ida MEDIN,Sweden
Sophie MELLSTIG,Sweden
Matilda MILLER,Sweden
Ann-Christin NILSSON,Sweden
Jeanette Nylander NILVALL,Sweden
Michaela NITULESCU,Sweden
Linda NORBERG,Sweden
Åsa NORDBACK,Sweden
Victoria NORDBERG,Sweden
Vilma NORDH,Sweden
Hanna NORLÉN,Sweden
Anna NYLÉN,Sweden
Olivia NYMAN,Sweden
Duran O'HARA,Sweden
Linnea OLHANS,Sweden
Mikael OLOFSSON,Sweden
Angelica OLSSON,Sweden
Sophia ÖSTGREN,Sweden
Jennifer PARK,Sweden
Isabelle PAULSSON,Sweden
Josephine PERSON,Sweden
Josefine PERSSON,Sweden
Malin PERSSON,Sweden
Sara PERSSON,Sweden
Saga PIKKARAINEN,Sweden
Imre RAABE,Sweden
Alexandra REATAZA-SVÄRD,Sweden
Liv RENNEUS,Sweden
Josephine RINGDAHL,Sweden
Julia RÖNNING,Sweden
Vera RYDING,Sweden
Maria SÄLLING,Sweden
Caroline SANDBERG,Sweden
Sandra SANDSTRÖM,Sweden
Franz SCHULTHEISS,Sweden
Anneli SERVIN,Sweden
Susanne SJÖQUIST,Sweden
Karin SKARSTEDT,Sweden
Denise SÖRENSEN,Sweden
Johan SPARR,Sweden
Linda STENSTRÖM,Sweden
Aliki STERGIADU,Sweden
Filip STILLER,Sweden
Erika SVAHN,Sweden
Monica Blomberg THELIN,Sweden
Fia THIMELL,Sweden
Anna TJERNSTRÖM,Sweden
Emma UNKURI,Sweden
Susanne WAHLSTRÖM,Sweden
Emanuella WALLIN,Sweden
Carita WATTS,Sweden
Elsa WEDELIN,Sweden
Erica WRIGHT,Sweden
Julia ZACHREUS,Sweden
Srihasak ARIRACHKARAN,Thailand
Kesrin CHINDASOOK,Thailand
Sarunrat KONGCHIM,Thailand
Rada LAMSAM,Thailand
Songporn LUANPREEDA,Thailand
Pimsan Rattanadilok Na PHUKET,Thailand
Natcha PRATCHAYARATIKUN,Thailand
Sittichai PRATCHAYARATIKUN,Thailand
Suwanna SILPA-ARCHA,Thailand
Chancharas SURIYOTAI,Thailand
Pongtawan SURIYOTAI,Thailand
Philip CHANG,Taiwan
Yu Hsien CHANG,Taiwan
Chung Ming CHEN,Taiwan
Guo Chih CHEN,Taiwan
Juei Te CHEN,Taiwan
Jui-Teh CHEN,Taiwan
Juishu CHEN,Taiwan
Kuo-Chih CHEN,Taiwan
Leo CHEN,Taiwan
Kenneth Kuo Pin CHI,Taiwan
Guo Bin CI,Taiwan
Hua HSIAO,Taiwan
Eugene HSU,Taiwan
Tien Sung HSU,Taiwan
Chi-Hui LAI,Taiwan
Steve LAI,Taiwan
Tzer-Chin LEE,Taiwan
Hui Li LIN,Taiwan
Chris SHAN,Taiwan
Ko-Man TING,Taiwan
Shin Hui TSAI,Taiwan
Shirley TSAI,Taiwan
Tzu Yu WANG,Taiwan
Eddy WU,Taiwan
Hua XIAO,Taiwan
Chi-Huang YEH,Taiwan
David YEH,Taiwan
Senem AHISKAL,Turkey
Osman AKGUN,Turkey
Yagmur Dilda AKSOY,Turkey
Ebru ANILDI,Turkey
Funda ARMUTCU,Turkey
Ilaydanur ARSLANER,Turkey
Pelin AYDEMIR,Turkey
Pelin AYDINER,Turkey
Umay CALKINSIN,Turkey
Batuhan CEREN,Turkey
Başak ÇETINKAYA,Turkey
Deniz DINDAR,Turkey
Ekin DOGANAY,Turkey
Papatya DOKMECI,Turkey
Hamdi Erdi EMEKLI,Turkey
Ege ERGAZI,Turkey
Hazal ERGUL,Turkey
Seyma Irem ERGUN,Turkey
Deniz ERONGUN,Turkey
Ece ESEN,Turkey
Tugce GOKDALAY,Turkey
Ezo Mina GOKGUNDUZ,Turkey
Asli Kuzey GUCLU,Turkey
Hazal GULDUR,Turkey
Rengin GUNAYDIN,Turkey
Okan HATIPOGLU,Turkey
Beril KANTAR,Turkey
Nazan KARABACAK,Turkey
Umut Can KAYGUSUZ,Turkey
Yesim KOCAK,Turkey
Tolga KOSEOGLU,Turkey
Ekrem MALKOC,Turkey
Bugra Artun OLGUN,Turkey
Timucin OZBUKUCU,Turkey
Gizem OZTASDELEN,Turkey
Umur OZTASDELEN,Turkey
Ekin PASINLIOGLU,Turkey
Duygu SALUR,Turkey
Itir Özinanir SARIHAN,Turkey
Tanay Özkan SILAOĞLU,Turkey
Nil SIRIKCI,Turkey
Osman SIRVAN,Turkey
Feriha Ceren SOLAK,Turkey
Ayca SOYGUT,Turkey
Alper UCAR,Turkey
Ecem ULKER,Turkey
Tunca UNLU,Turkey
Ezgi UZUNCAN,Turkey
Arzu Cetiner VARAICH,Turkey
Ebru YARDIMCI,Turkey
Halit Atalay YILDIZ,Turkey
Papatya Nur DÖKMECİ YÖRÜKOĞLU,Turkey
Olga AKIMOVA,Ukraine
Yury BALKOV,Ukraine
Anatoliy BATYUK,Ukraine
Alla BEKNAZAROVA,Ukraine
Tatjana BELJAEVA,Ukraine
Alevtina CHABANENKO,Ukraine
Elena CHUCHKALOVA,Ukraine
Dmitry DMITRENKO,Ukraine
Oksana DOLGOPOLOVA,Ukraine
Valeriy EGOROV,Ukraine
Igor FEDCHENKO,Ukraine
Vadim FEDCHENKO,Ukraine
Konstantin GOROBETS,Ukraine
Tetiana GRUSHEVA,Ukraine
Nataliya HOLODOVA,Ukraine
Irina KIRICHISHINA,Ukraine
Elena KRAVCHENKO,Ukraine
Natalia KRUGLOVA,Ukraine
Alina KUFLIEVSKAYA,Ukraine
Vitaliy KURKUDYM,Ukraine
Elena LESOVAYA,Ukraine
Olena LISOVA,Ukraine
Anastassiya MAKAROVA,Ukraine
Valery MAKSAEV,Ukraine
Maksym MANASHENKO,Ukraine
Yevgeny MARTYNOV,Ukraine
Irina MEDINA,Ukraine
Irina MEDVEDEVA,Ukraine
Vera MEDVEDIEVA,Ukraine
Aleksei MELNIKOV,Ukraine
Ludmila MIKHAILOVSKAYA,Ukraine
Elena ONISHCHENKO,Ukraine
Oksana PANTAK,Ukraine
Viktor PETRENKO,Ukraine
Vladimir PETRENKO,Ukraine
Vladislav PETUKHOV,Ukraine
Evgeniy PLUTA,Ukraine
Alina REZNICHENKO,Ukraine
Nelli REZNICHENKO,Ukraine
Christine SABBATINI,Ukraine
Oleg SAPRYKIN,Ukraine
Dmitriy SHKIDCHENKO,Ukraine
Anna SHTEFAN,Ukraine
Irina SHTEFAN,Ukraine
Angelina SINKEVICH,Ukraine
Maria TUMANOVSKA,Ukraine
Maria TUMANOVSKAYA-CHAIKA,Ukraine
Sergey VAYPAN,Ukraine
Irina VORONINSKAYA,Ukraine
Danylo VOROPAEV,Ukraine
Elena VOROPAEVA,Ukraine
Philipp ZALEVSKIY,Ukraine
Jacqueline ADDIS,USA
Hyaat ALDAHWI,USA
Elizabeth ALLEN,USA
Lisa-Marie ALLEN,USA
Leslie AMACKER,USA
Kristine AMERINE,USA
Kenneth AMES,USA
Janice ANDERSON,USA
Karen ANDERSON,USA
Merribeth ANDERSON,USA
Aileen ARENSON,USA
Alison ARNOLD,USA
Sandra ATKIELSKI,USA
Samuel AUXIER,USA
Victoria AVERSANO,USA
Candice AYLOR-MORRIS,USA
Carrie BACASA,USA
Linda BACON,USA
Arthur BAHR,USA
Sergii BARANOV,USA
Anthony BARDIN,USA
Norman BARKER,USA
Ann BARR,USA
Denise BARTON-LETO,USA
Arlene BASFORD,USA
Tanya BASS,USA
Rebecca BATES,USA
Michael BAUER,USA
Christina BECK,USA
Devon BECK,USA
Felicia BECK,USA
Connie BECKER-HILLEBRECHT,USA
William BEHARRELL,USA
Steven BELANGER,USA
Kristen BELCOURT,USA
Bruce BELL,USA
Lynn BELL,USA
Paul BELLANTUONO,USA
Melanya BERGGREN,USA
Katie BERIAU,USA
Johnnie BEVAN,USA
Teresa BIDON-FEWEL,USA
Kristine BINGHAM,USA
Becky BINNS,USA
Nancy BIZZANO,USA
Beth BLAKE,USA
Lisa BLUE,USA
Judy BLUMBERG,USA
William BOECK,USA
Nicholas BOND,USA
Gretchen BONNIE,USA
Robert BOROUGHS,USA
Kim BORZILLERI,USA
Brittney BOTTOMS,USA
Shirley BOURQUIN,USA
Sandra BOWEN,USA
Melissa BOWMAN,USA
Elisa BOYER,USA
Karla BOYLES,USA
Najja BRACEY,USA
Barbara BRADLEY,USA
Mariah BRAXTON,USA
Lucy BRENNAN,USA
Kristy BRICKEL,USA
Randy BRILLIANTINE,USA
Aristeo BRITO,USA
Scott BRODY,USA
Todd BROMLEY,USA
Scott BROWN,USA
Vicki BRUCH,USA
Barbara BUCH,USA
Kim BUCHANAN,USA
Joyce BURDEN,USA
Harland BURGE,USA
Joan BURNS,USA
Jessica BUSSGANG,USA
Joanne BUTCHER,USA
Anne CAMMETT,USA
Tamie K. CAMPBELL,USA
Gay CANNON,USA
Gregory CANNON,USA
Cindy CAPREL,USA
Sharon CAREY,USA
Paige CARL,USA
Janet CARPENTER,USA
Ron Dei CAS,USA
Jacquie CASSITY,USA
Marcia CHAFFEE,USA
Robi CHALMERS,USA
Alex CHANG,USA
Jeffrey (Phil) CHANG,USA
Jeffrey CHARBONNEAU,USA
Virginia CHARLES,USA
Leonardo CHAVEZ,USA
Jennifer CHEN,USA
Sheren CHIANG,USA
Linda CHIHARA,USA
Tiffany CHIN,USA
Laura CHINNOCK,USA
Noelle CHO,USA
George CHOW,USA
Eden CHROSTOWSKI,USA
Gary CLARK,USA
Carolyn CLAUSIUS,USA
Dianne CLENDENIN,USA
Scheherezade CLEVELAND,USA
Leanne CLUFF-RICHARDSON,USA
Lori COCHRAN,USA
Glennace COHEN,USA
Holly COLE,USA
John COLE,USA
Francesca COLEMAN,USA
Katherine CONRAD,USA
Antonio CONTE,USA
Kim COOL,USA
Charles COPE,USA
Scott CORMIER,USA
Heather CORREA,USA
Edwin COSSITT,USA
Karen COUSINEAU,USA
Brad COX,USA
Lester CRAMER,USA
Jacki CRUGNOLA,USA
Stephanie CRUGNOLA,USA
Anna CTVRTNICEK,USA
Scott CUDMORE,USA
Christy CULLEN,USA
Stephanie CULVER,USA
Jill CUMMINGS,USA
Joy CUNNINGHAM,USA
Deborah CURRIE,USA
Eleanor CURTIS,USA
Kevin CURTIS,USA
Anne CURZON,USA
Kristin Arneson CUTLER,USA
Kathaleen CUTONE,USA
Charles Z. CYR,USA
Richard DALLEY,USA
Rachel DAMIANO,USA
Jennifer DANIELS,USA
Jeanette DAVEY,USA
Patch DAVID,USA
Kelly DAVIES,USA
Lisa DAVIS,USA
Mary DAVIS,USA
Scott DAVIS,USA
Ariel DAVYDOV,USA
Joel DEAR,USA
Phillip DEAVER,USA
Deveny DECK,USA
Monica DECKER,USA
Jennifer DEJOHN,USA
Linda DELBIANCO,USA
Dianne DELEEUW-CHAPMAN,USA
Kitty DELIO-LAFORTE,USA
Derrick DELMORE,USA
Susan DEMENIUK,USA
Jeffrey DIGREGORIO,USA
Phillip DIGUGLIELMO,USA
Melissa DILLENBECK,USA
Justin DILLON,USA
Joseph DIPASQUALE,USA
Dede DISBROW,USA
Dorothy DODSON,USA
Ann DOHERTY,USA
Jeannette DONEY,USA
Barry DOREN,USA
Editha DOTSON-BOWSER,USA
Kim DOWNING,USA
Camie DOYLE,USA
Cynthia DRAYTON,USA
Thomas DROPP,USA
Brett DRURY,USA
Allison DUARTE,USA
Laura DULLY,USA
Cohen DUNCAN,USA
Jason DUNGJEN,USA
Kathleen DUNN,USA
Lori DUNN,USA
Alexandra DUNNE-BRYANT,USA
Sarah EASTER,USA
Judith EDMUNDS,USA
Erin EGELHOFF,USA
Lynn EISENHOUR,USA
Marylill ELBE,USA
Cheryl Wyskup ELEAZAR,USA
Kevin ELVIN,USA
Susan ELVIN,USA
Janis ENGEL,USA
Alexander ENZMANN,USA
Wendy ENZMANN,USA
Lisa ERLE,USA
Lisa ERVIN-BAUDO,USA
Christian ERWIN,USA
Elaine ETTMAN,USA
Jo-Ann EUFRAZIO,USA
Amy EVIDENTE,USA
Dawn EYERLY,USA
Alexandre FADEEV,USA
Karen FARINELLA,USA
Margaret FAULKNER,USA
Megan FAULKNER,USA
Ann FAUVER,USA
Pamela FEDERBUSCH,USA
Heather FEINSTEIN,USA
Julia FENG,USA
Claire FERGUSON,USA
Joshua FISCHEL,USA
Theresa FISCHER,USA
Helena FISHER,USA
June DiRienzo FISHER,USA
Michael FISHER,USA
Angie FISHLER,USA
William FITZPATRICK,USA
Patti FLANAGIN,USA
Cate FLEMING,USA
Elizabeth FLORIANI,USA
Cynthia FLYNN,USA
Janet FORD,USA
Charles FOSTER,USA
Lynne FREEMAN,USA
David FREIMAN,USA
Patricia S. FRENCH,USA
Ruth FREY,USA
Samantha FRIEDEMAN,USA
Lori FUSSELL,USA
Heidi GANNON,USA
Lee GARDNER,USA
Randy GARDNER,USA
DG GARRITY,USA
Jessica GAYNOR,USA
Whitney GAYNOR,USA
Jonathan GEEN,USA
Onia GELECINSKYJ,USA
Anne GERLI,USA
Noelle GHORAM,USA
Leslie GIANELLI,USA
Julie GIDLOW,USA
Shelbi GILL,USA
Jennifer GILLESPIE,USA
Todd GILMAN,USA
Roger GLENN,USA
Lynn GOLDMAN,USA
Dee GOLDSTEIN,USA
Troy GOLDSTEIN,USA
Carla GOLUBSKI,USA
Sarah GONZALES,USA
Barbara GOODRICH,USA
Sam GORDON,USA
Jennifer GOULET,USA
Naomi GRABOW-STREBEL,USA
Beth GRAHAM,USA
Dana GRAHAM,USA
Peggy GRAHAM,USA
Ann GREENTHAL,USA
Debbie GRIFFIN,USA
Joan GRIFFIS,USA
Katy GRIFFITTS-HEWITT,USA
Joan H. GRUBER,USA
Lara GUND,USA
Catherine HACKNEY,USA
Shirley HAGE,USA
Frederick HAGEDORN,USA
Deborah HAGENAUER,USA
Carolyn HAMAN,USA
Eric HAMPTON,USA
David HAMULA,USA
Jennifer HANCOCK,USA
Elizabeth HANDLEY,USA
Kathleen HARMON,USA
Ann HARSCHUTZ-STIFF,USA
Jennifer HARTLEY,USA
Steve HARTSELL,USA
Danielle HARTSELL-MINNIS,USA
Reed HASTINGS,USA
Rosalie HAUER,USA
Eugene HEFFRON,USA
Charlotte HEIDENREICH,USA
Kimberly HEIM,USA
Jaclyn HELMS,USA
Mary Karen HENDERSON,USA
Nancy HEPBURN,USA
Lisa HERNAND,USA
Alison HERSHBERGER-FILO,USA
Marge HESLIN,USA
Nathaniel HESS,USA
April Zak HIBBERT,USA
Elaine HICKMAN,USA
Victoria HILDEBRAND,USA
Emma HILLS,USA
Mary HISER,USA
David HOLD,USA
Shirley HOLDSWORTH,USA
Barbara HOLLAND,USA
Taffy HOLLIDAY,USA
Marcia HOMER,USA
Jed HOPKINS,USA
Brianne HOPPES,USA
David HOPSON,USA
Catherine HORAN,USA
Dana HORDYSZYNSKI,USA
Robert HOREN,USA
Elinor HOUK,USA
David HOUSTON,USA
Sarah Jayne HOWLAND,USA
Steven HSU,USA
Wayne HUNDLEY,USA
Sandra HURTUBISE-ULMER,USA
Waverly HUSTON,USA
Sharon HYRE,USA
Jonathan IGE,USA
Nancy IIDA,USA
Joseph L. INMAN,USA
Andrea ISAACSON,USA
Mike ITZIN,USA
Lauren JACKSON,USA
Dorothy JAMISON,USA
Stephanie JENKINS,USA
Kerry JENNINGS-COOPER,USA
Frances JESEL,USA
Heidie JEVEY,USA
Joy JIN,USA
Melody JING,USA
Holly JINKS,USA
Alexander JOHNSON,USA
Jennifer Marker JOHNSON,USA
Julie JOHNSON,USA
Laurie JOHNSON,USA
Margaret (Maggie) JOHNSON,USA
Susan JOHNSON,USA
Wendelyn JONES,USA
Tea JUNNILA,USA
Jana KADING,USA
Sonja KAMINSKI,USA
Susan KARL,USA
Kristy KASAPIS,USA
Liddy KASRAIAN,USA
Sara KASTNER,USA
Hannah KATZ,USA
Lyra KATZMAN,USA
Stephen KAWALKO,USA
Julie Anne KEEN,USA
Amelia KEENE,USA
Srivitta KENGSKOOL,USA
Melissa KENT,USA
Susan KEOGH,USA
Richard KERN,USA
Ellyn KESTNBAUM,USA
Crystal KIANG,USA
Brenda KICKERTZ,USA
Katie KICKERTZ,USA
Lisa KILPATRICK,USA
Jennifer KILSTRUP,USA
Jessica Mills KINCADE,USA
David KIRBY,USA
Caren KIRSCH,USA
Mary KLUGHERZ,USA
Sara KNIGHT,USA
Joyce D. KOMPERDA,USA
Adrienne KOOB-DODDY,USA
Pine KOPKA-ROSS,USA
Aimee KRAVETTE-BENET,USA
Erin KRENTZ,USA
Shirley KREPPEL,USA
Kathleen KRIEGER,USA
Larry KRIWANEK,USA
Dann KRUEGER,USA
Stephanie KUBAN,USA
Terry KUBICKA,USA
Lynne Maker KUECHLE,USA
Stephanie LAB,USA
Mark LADWIG,USA
Andrew LAM,USA
Kathryn (Kate) LAMBERT,USA
Denice LAMMONS,USA
Robert LAMONTAGNE,USA
Lisa LANDON,USA
Carylyn LANDT,USA
Virgil LANGLEY,USA
Marie LAROCCA,USA
Marlys LARSON,USA
Lynne LAUER,USA
Linda LEAVER,USA
Chia Ying LEE,USA
Suzanne LEE-TREJO,USA
Debra LEEMING,USA
John LEFEVRE,USA
Helen LEHMAN,USA
Elizabeth LEHTOLA,USA
Adam LEIB,USA
Maribel LEITER,USA
Terri LEVINE,USA
Gloria LEWIS,USA
Kelvin LI,USA
Lynn LIGHTFOOT,USA
Laurie LIND,USA
Matthew LIND,USA
William LINDSAY,USA
Joan LIOTTA,USA
Cheryl LITMAN,USA
Lisa LOWERY,USA
Beth LUCAS,USA
Carole LUDLOW,USA
Chip LUDLOW,USA
Whitney LUKE,USA
Kristina LUNDGREN,USA
Patricia LYNCH,USA
Ian MACADAM,USA
Danielle MACFARLANE,USA
Christine MAGILL,USA
Laura MAKI,USA
Samir MALLYA,USA
Lori MALTHANER,USA
Cheryl MARKER,USA
Hal MARRON,USA
Molly MARRON,USA
Michelle MARVIN,USA
Michael MASIONIS,USA
Jennifer MAST,USA
Stefanie MATHEWSON,USA
Elyse MATSUMOTO,USA
Terri MAURICE,USA
Lisa MAY,USA
Kathleen MCBRIDE,USA
Esterica MCGILL,USA
Mary Anne MCGIVERN,USA
Elizabeth MCGLAUFLIN,USA
Susan MCINNES,USA
Lisa MCINNIS,USA
Gwendolyn MCLAIN,USA
Jacque MCLAUGHLIN,USA
Bonnie MCLAUTHLIN,USA
Ann MCLINEY,USA
Colin MCMANUS,USA
Daniel MCNAMARA,USA
Wendy MECK,USA
Nancy MEISS,USA
Wendy MELLAND,USA
Jessica MELTON,USA
Vicki MERTEN,USA
Michelle MEYER-MARQUESS,USA
Colleen MICKEY,USA
Gerald MIELE,USA
Catherine MIFSUD,USA
Irrit MIHOK,USA
Benjamin MILLER,USA
Carrie MILLER,USA
Jordan MILLER,USA
Susan MILLER,USA
John MILLIER,USA
Eric MILLOT,USA
Evelyn MINTER,USA
Wendy MLINAR,USA
Mariam MOHAJER-RAHBARI,USA
Olivia MOLINA,USA
Larry MONDSCHEIN,USA
Lawrence MONDSCHEIN,USA
Maria MONTES,USA
Denise MOORE,USA
Kim MOORE,USA
Steven MOORE,USA
Dennis MORRILL,USA
Claudia Sipan MOTT,USA
Virginia MOUNT,USA
Yalin MURDOCK,USA
Anne Marie MURPHY,USA
Hannelore MURPHY,USA
Laura MURPHY,USA
Suna MURRAY,USA
Lisa MUSMANNO,USA
Rachel MUSSELWHITE,USA
Rebecca NAGLE,USA
Rachael NAPHTAL,USA
Paula M. NAUGHTON,USA
William NELSON,USA
Heather NEMIER,USA
Christian NEWBERRY,USA
Alexandria NEWMAN,USA
Julie NEWMAN,USA
Gayle NICHOLS,USA
Aren NIELSEN,USA
Kirsten NOVAK,USA
Amy NUNN,USA
Colette NYGREN,USA
John O'CONNOR,USA
Patrick O'NEIL,USA
Lauren O'TOOLE,USA
Matthew O'TOOLE,USA
Kristofer OGREN,USA
Miki OHATA,USA
Ai OHNO,USA
Yuu OHNO,USA
Christina OLESON,USA
Kari Ann OLSON,USA
Lori OSBORNE,USA
Suzanne OSTREM,USA
Michael OTIS,USA
Robert OUELLETTE,USA
Judi OWENS,USA
Hayley PANGLE,USA
Pamela PANGLE,USA
Kristy PANOS,USA
Mary PANYAN,USA
Cassy PAPAJOHN,USA
Colleen PARKE,USA
Lorrie PARKER,USA
Roberta PARKINSON,USA
Dee PASCOE,USA
Lisa PASCOE,USA
Daren PATTERSON,USA
Laura PATTERSON,USA
Jeanie PAULI,USA
Jacqueline PAYTAS,USA
Marie PEARCE,USA
Richard PEREZ,USA
Zoe PEREZ,USA
Karen Terry PERREAULT,USA
Patricia St. PETER,USA
Connacht PETERSON,USA
Rachel PETERSON,USA
Karyn PFEFFER,USA
Ronald PFENNING,USA
Carolyn PIERCE,USA
Lisa PIETSCH,USA
Jill PLOUGH,USA
Tracey POLETIS,USA
Becky POST,USA
Chris POTTENGER,USA
Christopher POTTENGER,USA
Mary POTTENGER,USA
Christine POZANAC,USA
Barbara PRICE,USA
Krissa PRICE,USA
Ilana PRUSOCK,USA
Karen RAINES,USA
Martha RASMUSSEN,USA
Michelle RAY,USA
Megan RAYMOND,USA
Douglas RAZZANO,USA
Scheherezade REDMOND,USA
Kenneth REILY,USA
Judith REINER,USA
Eric REINHART,USA
Jane RENO,USA
Rachel RENTON,USA
Elise REQUADT,USA
Shawn RETTSTATT,USA
Rochelle REVOR,USA
Danielle REY,USA
Julia REY,USA
Phillip REY,USA
Richard REYOR,USA
Tom RICHARDSON,USA
Michael RICIGLIANO,USA
Leslie RINICELLA,USA
Claudia ROBERTSON,USA
Lynne ROBERTSON,USA
Sara ROBERTSON,USA
Ouida ROBINS,USA
Sharon ROGERS,USA
Robert ROSENBLUTH,USA
Kevin ROSENSTEIN,USA
Michelle ROSINSKI,USA
George ROSSANO,USA
Mary Lou ROTHMAN,USA
Gregory ROUW,USA
William ROWE,USA
Nancy RUEDEBUSCH,USA
Rachel SAGER,USA
Goleen SAMARI,USA
Aubrey SAMOST,USA
Todd SAND,USA
David SANTEE,USA
Libby SCANLAN,USA
Madison SCHATZ,USA
Dana SCHIFF,USA
Margery SCHLEH,USA
Suzanne SCHMITT,USA
William SCHNEIDER,USA
Kim Rasmussen SCHOLTER,USA
Kristina SCHULTZ,USA
Cathryn SCHWAB,USA
Elliot SCHWARTZ,USA
Russ SCOTT,USA
Stephanie SEGIEN,USA
Danielle SELDERS,USA
Jan SERAFINE,USA
Kristina SHAKARJIAN,USA
Meghna SHANKAR,USA
Anne G. SHEAN,USA
Coco SHEAN,USA
Kenneth SHELLEY,USA
Shirley SHERMAN,USA
Jerry SHIPLEY,USA
Tiffani SHIPLEY,USA
Joseph SIERRA,USA
Karen SILVERMAN,USA
April Sargent SILVERSTEIN,USA
Jennifer SIMON,USA
Sam SINGER,USA
Andrew SKILLINGTON,USA
Kathy SLACK,USA
Patricia SMITH,USA
Sarah SMITH,USA
William S. SMITH,USA
Karen SNODDY,USA
Bette SNUGGERUD,USA
Thomas SOBELL,USA
Cindy SOLBERG,USA
Lori SONDEREGGER,USA
Katherine SPECHT,USA
Deborah SPENCE,USA
Elizabeth STARK,USA
Debra STARKMAN,USA
Sara STEPHENS,USA
Cynthia STEVENSON,USA
Morry STILLWELL,USA
Helen STOCKLIN-ENRIGHT,USA
Bobbie STOERMER,USA
Tanya STREET-BURGESS,USA
Kristina STRUTHWOLF-LEATO,USA
William SUGGS,USA
Lily SUN,USA
Francesca SUPPLE,USA
Dennis SVEUM,USA
Rhea SY-BENEDICT,USA
Charlene TAGAS,USA
Kanae TAGAWA,USA
Aya TAKAI,USA
Lisa TALBOT,USA
Gale TANGER,USA
Dorothy TANK,USA
Holly TANNER,USA
Howard TAYLOR,USA
Ian TAYLOR,USA
Jolene TAYLOR,USA
Kennard TAYLOR,USA
Shirley TAYLOR,USA
Valeri TERRY,USA
David THOMPSON,USA
Jennifer THOMPSON,USA
Charles TICKNER,USA
Brook TLOUGAN,USA
Bette TODD,USA
Lois TODD,USA
Deanna TOMIETTO,USA
Heather TOPOROWSKI,USA
Antonio TORRES,USA
Debbie TRAN,USA
William TRAN,USA
Paula Kaye TRUJILLO,USA
Kristen UNDERWOOD,USA
Cynthia Van VALKENBURG,USA
Dorian VALLES,USA
Christina VANDERMISSEN,USA
Pam VANDERZALM,USA
Jaclyn Ward VARGO,USA
Bradley VAUGHN,USA
Elisabeth VAUGHN,USA
Alexander VEDENIN,USA
Lisa Anne VENNE,USA
Laurie VIETH,USA
Kirsten VIKE,USA
Robert WAGNER,USA
Robyn Brilliantine WAGNER,USA
Bridgit WALLACE,USA
Courtney WALLACE,USA
Colin WARD,USA
Shannon WARD,USA
Sally WATKINS,USA
Carrie WATSON,USA
Sharon WATSON,USA
James WEBB,USA
Lindsey WEBER,USA
Hazel WECAL,USA
Deborah WEIDMAN,USA
Carol WEIER,USA
Woody WEIER,USA
Sharyn WEISS,USA
Marc WEITZMAN,USA
Scott WENDLAND,USA
Katherine WERNER,USA
Priscilla WEST,USA
Courtney WETTERICH,USA
Kristen WEYL,USA
Ginger WHATLEY,USA
Hope WHEELER,USA
Marilyn WHELAN,USA
Lauren WHITTAKER,USA
Sharon WIGGINS,USA
Mary-Elizabeth WIGHTMAN,USA
Mary Ann WILCOX,USA
Jacqueline WILKICKI,USA
Aimee WILKINS,USA
Patricia WILKINS,USA
Barbara Roles WILLIAMS,USA
Christy WILLIAMS,USA
Crystal WILLIAMS,USA
Doug WILLIAMS,USA
Douglas WILLIAMS,USA
Denise WILLIAMSON,USA
Gretchen WILSON,USA
Steve WINKLER,USA
Diana WISNER,USA
Karen WOLANCHUK,USA
Jeffrey WOLF,USA
Helen WONG,USA
Carol WOOLEY,USA
Kimberly WORDEKEMPER,USA
Benjamin WRIGHT,USA
Kendra WRIGHT,USA
Raymond WRIGHT,USA
Elizabeth WRIGHT-JOHNSON,USA
Deborah WYCHULIS,USA
Nancy YANKURA,USA
Keith YINGLING,USA
Miho YOSHIOKA,USA
Ikaika YOUNG,USA
Roberta YOUNG,USA
Isabella YUNG,USA
Serguei ZAITSEV,USA
Malin ZANDELIN,USA
Stephanie ZASTROW,USA
Michelle ZELES-HAHN,USA
Caroline ZHANG,USA
Alena ZHU,USA
Paula ZIEGLER,USA
William ZIEGLER,USA
Barbara ZSOREY,USA
Raisa GAGARINA,Uzbekistan
Natalya KHAKIMOVA,Uzbekistan
Artem KNIAZEV,Uzbekistan
Saodat NUMANOVA,Uzbekistan
Natalia PONOMAREVA,Uzbekistan
Evgeni ROKHIN,Uzbekistan
